method,category_a,parameter_a,category_b,parameter_b,n,correlation,abs_correlation
pearson,glycemic,hba1c,renal,creatinine,116,-0.0994558888224143,0.0994558888224143
pearson,glycemic,hba1c,renal,egfr,116,0.10143701922842566,0.10143701922842566
pearson,glycemic,hba1c,renal,bun,117,0.1377923011818226,0.1377923011818226
pearson,glycemic,hba1c,renal,urea,117,0.13777601622256636,0.13777601622256636
pearson,glycemic,hba1c,renal,uric_acid,117,-0.06173760844319042,0.06173760844319042
pearson,glycemic,hba1c,renal,calcium,117,0.014618901796660424,0.014618901796660424
pearson,glycemic,hba1c,renal,bun_creatinine_ratio,115,0.26064863828300394,0.26064863828300394
pearson,glycemic,hba1c,renal,urea_creatinine_ratio,117,0.25588973206451004,0.25588973206451004
pearson,glycemic,hba1c,renal,urine_creatinine,50,0.11836377351955335,0.11836377351955335
pearson,glycemic,hba1c,renal,urinary_microalbumin,50,0.1877800182097766,0.1877800182097766
pearson,glycemic,hba1c,renal,uacr,50,-0.023504652259579185,0.023504652259579185
pearson,glycemic,abg,renal,creatinine,116,-0.09959744225907774,0.09959744225907774
pearson,glycemic,abg,renal,egfr,116,0.1013490543102153,0.1013490543102153
pearson,glycemic,abg,renal,bun,117,0.13771949708151557,0.13771949708151557
pearson,glycemic,abg,renal,urea,117,0.13770301280811387,0.13770301280811387
pearson,glycemic,abg,renal,uric_acid,117,-0.061711523369208994,0.061711523369208994
pearson,glycemic,abg,renal,calcium,117,0.014847063463974481,0.014847063463974481
pearson,glycemic,abg,renal,bun_creatinine_ratio,115,0.26047372670007113,0.26047372670007113
pearson,glycemic,abg,renal,urea_creatinine_ratio,117,0.2558140315819353,0.2558140315819353
pearson,glycemic,abg,renal,urine_creatinine,50,0.11872774483633511,0.11872774483633511
pearson,glycemic,abg,renal,urinary_microalbumin,50,0.18807036915563022,0.18807036915563022
pearson,glycemic,abg,renal,uacr,50,-0.023437769159561004,0.023437769159561004
pearson,glycemic,c_peptide,renal,creatinine,49,0.03355577439535452,0.03355577439535452
pearson,glycemic,c_peptide,renal,egfr,49,-0.06924505486893621,0.06924505486893621
pearson,glycemic,c_peptide,renal,bun,50,0.1524036740584439,0.1524036740584439
pearson,glycemic,c_peptide,renal,urea,50,0.15239514571466248,0.15239514571466248
pearson,glycemic,c_peptide,renal,uric_acid,50,0.3936320089930682,0.3936320089930682
pearson,glycemic,c_peptide,renal,calcium,50,0.1056203797754471,0.1056203797754471
pearson,glycemic,c_peptide,renal,bun_creatinine_ratio,50,-0.007378807470500422,0.007378807470500422
pearson,glycemic,c_peptide,renal,urea_creatinine_ratio,50,-0.007393523626686352,0.007393523626686352
pearson,glycemic,c_peptide,renal,urine_creatinine,50,0.13708084459980302,0.13708084459980302
pearson,glycemic,c_peptide,renal,urinary_microalbumin,50,0.004703844334738173,0.004703844334738173
pearson,glycemic,c_peptide,renal,uacr,49,-0.10569891376909976,0.10569891376909976
pearson,glycemic,hba1c,lipid,total_cholesterol,116,0.05925717287610887,0.05925717287610887
pearson,glycemic,hba1c,lipid,hdl,115,-0.22129322472738405,0.22129322472738405
pearson,glycemic,hba1c,lipid,ldl,116,0.13099067266734635,0.13099067266734635
pearson,glycemic,hba1c,lipid,vldl,117,0.27895549053443836,0.27895549053443836
pearson,glycemic,hba1c,lipid,triglycerides,116,0.3546772942184114,0.3546772942184114
pearson,glycemic,hba1c,lipid,non_hdl,116,0.1495934848069662,0.1495934848069662
pearson,glycemic,hba1c,lipid,tc_hdl_ratio,116,0.26065712877334335,0.26065712877334335
pearson,glycemic,hba1c,lipid,trig_hdl_ratio,116,0.2425194972253631,0.2425194972253631
pearson,glycemic,hba1c,lipid,ldl_hdl_ratio,116,0.3631255060892827,0.3631255060892827
pearson,glycemic,hba1c,lipid,hdl_ldl_ratio,116,-0.23561093057235363,0.23561093057235363
pearson,glycemic,hba1c,lipid,apo_a1,104,-0.18566150190103956,0.18566150190103956
pearson,glycemic,hba1c,lipid,apo_b,105,0.3235566804805086,0.3235566804805086
pearson,glycemic,hba1c,lipid,apo_b_apo_a1_ratio,105,0.40073252278605054,0.40073252278605054
pearson,glycemic,hba1c,lipid,lipoprotein_a,103,-0.019716168227588045,0.019716168227588045
pearson,glycemic,abg,lipid,total_cholesterol,116,0.05910237654468086,0.05910237654468086
pearson,glycemic,abg,lipid,hdl,115,-0.22103336056360798,0.22103336056360798
pearson,glycemic,abg,lipid,ldl,116,0.13072522153748098,0.13072522153748098
pearson,glycemic,abg,lipid,vldl,117,0.278813156357924,0.278813156357924
pearson,glycemic,abg,lipid,triglycerides,116,0.3545190431930486,0.3545190431930486
pearson,glycemic,abg,lipid,non_hdl,116,0.14935691046381463,0.14935691046381463
pearson,glycemic,abg,lipid,tc_hdl_ratio,116,0.26057831473956977,0.26057831473956977
pearson,glycemic,abg,lipid,trig_hdl_ratio,116,0.24248428562944183,0.24248428562944183
pearson,glycemic,abg,lipid,ldl_hdl_ratio,116,0.3629939848888979,0.3629939848888979
pearson,glycemic,abg,lipid,hdl_ldl_ratio,116,-0.23520197021776854,0.23520197021776854
pearson,glycemic,abg,lipid,apo_a1,104,-0.1863039931493596,0.1863039931493596
pearson,glycemic,abg,lipid,apo_b,105,0.3233498413644142,0.3233498413644142
pearson,glycemic,abg,lipid,apo_b_apo_a1_ratio,105,0.40080378241373055,0.40080378241373055
pearson,glycemic,abg,lipid,lipoprotein_a,103,-0.020055156520959096,0.020055156520959096
pearson,glycemic,c_peptide,lipid,total_cholesterol,50,0.04008199096755089,0.04008199096755089
pearson,glycemic,c_peptide,lipid,hdl,50,-0.11785223023746305,0.11785223023746305
pearson,glycemic,c_peptide,lipid,ldl,50,0.025726664314920586,0.025726664314920586
pearson,glycemic,c_peptide,lipid,vldl,51,0.26472489636733326,0.26472489636733326
pearson,glycemic,c_peptide,lipid,triglycerides,51,0.26509405123028357,0.26509405123028357
pearson,glycemic,c_peptide,lipid,non_hdl,50,0.08418895155467872,0.08418895155467872
pearson,glycemic,c_peptide,lipid,tc_hdl_ratio,50,0.14069778377861547,0.14069778377861547
pearson,glycemic,c_peptide,lipid,trig_hdl_ratio,50,0.3070195328641358,0.3070195328641358
pearson,glycemic,c_peptide,lipid,ldl_hdl_ratio,50,0.11256932354630267,0.11256932354630267
pearson,glycemic,c_peptide,lipid,hdl_ldl_ratio,50,-0.08416453659018135,0.08416453659018135
pearson,glycemic,c_peptide,lipid,apo_a1,49,0.0940152998139893,0.0940152998139893
pearson,glycemic,c_peptide,lipid,apo_b,50,0.11417940039363786,0.11417940039363786
pearson,glycemic,c_peptide,lipid,apo_b_apo_a1_ratio,50,0.06891833694476227,0.06891833694476227
pearson,glycemic,c_peptide,lipid,lipoprotein_a,50,0.11862734361969489,0.11862734361969489
pearson,glycemic,hba1c,liver,alt,120,0.22792846234318348,0.22792846234318348
pearson,glycemic,hba1c,liver,ast,119,0.16481858946557626,0.16481858946557626
pearson,glycemic,hba1c,liver,ast_alt_ratio,119,-0.20207993221510664,0.20207993221510664
pearson,glycemic,hba1c,liver,alkaline_phosphatase,117,0.4767970562428802,0.4767970562428802
pearson,glycemic,hba1c,liver,bilirubin_total,117,0.0039215914090545345,0.0039215914090545345
pearson,glycemic,hba1c,liver,bilirubin_direct,117,-0.05815923319021636,0.05815923319021636
pearson,glycemic,hba1c,liver,bilirubin_indirect,117,0.016849920466665898,0.016849920466665898
pearson,glycemic,hba1c,liver,ggt,117,0.16593566642684182,0.16593566642684182
pearson,glycemic,hba1c,liver,total_protein,117,0.07095502873295353,0.07095502873295353
pearson,glycemic,hba1c,liver,albumin,117,-0.1508065981560397,0.1508065981560397
pearson,glycemic,hba1c,liver,globulin,117,0.18748979982658995,0.18748979982658995
pearson,glycemic,hba1c,liver,albumin_globulin_ratio,117,-0.24140888797722,0.24140888797722
pearson,glycemic,abg,liver,alt,120,0.22767731835820518,0.22767731835820518
pearson,glycemic,abg,liver,ast,119,0.16443605729204694,0.16443605729204694
pearson,glycemic,abg,liver,ast_alt_ratio,119,-0.20230227822888477,0.20230227822888477
pearson,glycemic,abg,liver,alkaline_phosphatase,117,0.47682316492373344,0.47682316492373344
pearson,glycemic,abg,liver,bilirubin_total,117,0.0037402978442794515,0.0037402978442794515
pearson,glycemic,abg,liver,bilirubin_direct,117,-0.05838470854469896,0.05838470854469896
pearson,glycemic,abg,liver,bilirubin_indirect,117,0.016683863762174223,0.016683863762174223
pearson,glycemic,abg,liver,ggt,117,0.1656162759682957,0.1656162759682957
pearson,glycemic,abg,liver,total_protein,117,0.07083653413734642,0.07083653413734642
pearson,glycemic,abg,liver,albumin,117,-0.1508260618142471,0.1508260618142471
pearson,glycemic,abg,liver,globulin,117,0.18737396237213547,0.18737396237213547
pearson,glycemic,abg,liver,albumin_globulin_ratio,117,-0.24131807213051001,0.24131807213051001
pearson,glycemic,c_peptide,liver,alt,52,-0.06854411864407098,0.06854411864407098
pearson,glycemic,c_peptide,liver,ast,51,-0.08833892866651735,0.08833892866651735
pearson,glycemic,c_peptide,liver,ast_alt_ratio,51,0.06716141107587736,0.06716141107587736
pearson,glycemic,c_peptide,liver,alkaline_phosphatase,51,0.028130812421394036,0.028130812421394036
pearson,glycemic,c_peptide,liver,bilirubin_total,51,-0.21259086325820473,0.21259086325820473
pearson,glycemic,c_peptide,liver,bilirubin_direct,51,-0.24095224458208445,0.24095224458208445
pearson,glycemic,c_peptide,liver,bilirubin_indirect,51,-0.19892876513049412,0.19892876513049412
pearson,glycemic,c_peptide,liver,ggt,51,0.15622125886371988,0.15622125886371988
pearson,glycemic,c_peptide,liver,total_protein,51,0.10664430863406756,0.10664430863406756
pearson,glycemic,c_peptide,liver,albumin,51,-0.07781825372128336,0.07781825372128336
pearson,glycemic,c_peptide,liver,globulin,51,0.1788843406274514,0.1788843406274514
pearson,glycemic,c_peptide,liver,albumin_globulin_ratio,51,-0.18761922416804852,0.18761922416804852
pearson,glycemic,hba1c,thyroid,tsh,109,-0.11517925931788625,0.11517925931788625
pearson,glycemic,hba1c,thyroid,t4,107,-0.09937037496890659,0.09937037496890659
pearson,glycemic,hba1c,thyroid,t3,106,0.068821258477439,0.068821258477439
pearson,glycemic,abg,thyroid,tsh,109,-0.11443340271200679,0.11443340271200679
pearson,glycemic,abg,thyroid,t4,107,-0.09872987411203625,0.09872987411203625
pearson,glycemic,abg,thyroid,t3,106,0.06892223847706287,0.06892223847706287
pearson,glycemic,c_peptide,thyroid,tsh,46,0.24724428532513656,0.24724428532513656
pearson,glycemic,c_peptide,thyroid,t4,45,0.025817820972214727,0.025817820972214727
pearson,glycemic,c_peptide,thyroid,t3,45,-0.0989197946852217,0.0989197946852217
pearson,glycemic,hba1c,vitamins,vitamin_d,101,-0.31965972136984777,0.31965972136984777
pearson,glycemic,hba1c,vitamins,vitamin_b12,93,0.010647486766634616,0.010647486766634616
pearson,glycemic,abg,vitamins,vitamin_d,101,-0.3188049468314633,0.3188049468314633
pearson,glycemic,abg,vitamins,vitamin_b12,93,0.011361786984174609,0.011361786984174609
pearson,glycemic,c_peptide,vitamins,vitamin_d,49,0.26416347463708406,0.26416347463708406
pearson,glycemic,c_peptide,vitamins,vitamin_b12,46,0.295955601176332,0.295955601176332
pearson,glycemic,hba1c,inflammation,hs_crp,105,0.31550549552352364,0.31550549552352364
pearson,glycemic,abg,inflammation,hs_crp,105,0.31571823576326746,0.31571823576326746
pearson,glycemic,c_peptide,inflammation,hs_crp,50,0.540204069985889,0.540204069985889
pearson,glycemic,hba1c,cbc,hemoglobin,119,0.1369444291648352,0.1369444291648352
pearson,glycemic,hba1c,cbc,wbc,119,0.4319738141854945,0.4319738141854945
pearson,glycemic,hba1c,cbc,platelet_count,119,0.04948683112985749,0.04948683112985749
pearson,glycemic,hba1c,cbc,hematocrit,85,0.009372658960726584,0.009372658960726584
pearson,glycemic,hba1c,cbc,rbc,85,0.10379363533170527,0.10379363533170527
pearson,glycemic,hba1c,cbc,mcv,119,0.013781499873593383,0.013781499873593383
pearson,glycemic,hba1c,cbc,mch,119,0.013282243016165492,0.013282243016165492
pearson,glycemic,hba1c,cbc,mchc,78,-0.03818220720877248,0.03818220720877248
pearson,glycemic,hba1c,cbc,rdw_cv,119,0.0019609898843757573,0.0019609898843757573
pearson,glycemic,hba1c,cbc,rdw_sd,119,0.024987151760039832,0.024987151760039832
pearson,glycemic,hba1c,cbc,mpv,101,-0.017089053567202448,0.017089053567202448
pearson,glycemic,abg,cbc,hemoglobin,119,0.13610870488386637,0.13610870488386637
pearson,glycemic,abg,cbc,wbc,119,0.43226902341078993,0.43226902341078993
pearson,glycemic,abg,cbc,platelet_count,119,0.04977514294550366,0.04977514294550366
pearson,glycemic,abg,cbc,hematocrit,85,0.008567932337210352,0.008567932337210352
pearson,glycemic,abg,cbc,rbc,85,0.10275005398220506,0.10275005398220506
pearson,glycemic,abg,cbc,mcv,119,0.014148225356829242,0.014148225356829242
pearson,glycemic,abg,cbc,mch,119,0.013129591975469616,0.013129591975469616
pearson,glycemic,abg,cbc,mchc,78,-0.038652476983459645,0.038652476983459645
pearson,glycemic,abg,cbc,rdw_cv,119,0.0022431004207942424,0.0022431004207942424
pearson,glycemic,abg,cbc,rdw_sd,119,0.02550487993572337,0.02550487993572337
pearson,glycemic,abg,cbc,mpv,101,-0.01660004065931642,0.01660004065931642
pearson,glycemic,c_peptide,cbc,hemoglobin,50,-0.12877989038377877,0.12877989038377877
pearson,glycemic,c_peptide,cbc,wbc,50,0.2924849735440941,0.2924849735440941
pearson,glycemic,c_peptide,cbc,platelet_count,50,0.08368872886970359,0.08368872886970359
pearson,glycemic,c_peptide,cbc,hematocrit,35,-0.047095547402020405,0.047095547402020405
pearson,glycemic,c_peptide,cbc,rbc,34,-0.041123355442357616,0.041123355442357616
pearson,glycemic,c_peptide,cbc,mcv,50,-0.03656251123153679,0.03656251123153679
pearson,glycemic,c_peptide,cbc,mch,50,-0.009300548932510715,0.009300548932510715
pearson,glycemic,c_peptide,cbc,mchc,31,0.044541796080161816,0.044541796080161816
pearson,glycemic,c_peptide,cbc,rdw_cv,50,-0.14232797696969313,0.14232797696969313
pearson,glycemic,c_peptide,cbc,rdw_sd,50,-0.15035609738825248,0.15035609738825248
pearson,glycemic,c_peptide,cbc,mpv,40,-0.04668582348420212,0.04668582348420212
pearson,renal,creatinine,lipid,total_cholesterol,115,-0.04734349697032223,0.04734349697032223
pearson,renal,creatinine,lipid,hdl,114,-0.2299005740885099,0.2299005740885099
pearson,renal,creatinine,lipid,ldl,115,-0.04681399177805608,0.04681399177805608
pearson,renal,creatinine,lipid,vldl,115,0.03828250107697717,0.03828250107697717
pearson,renal,creatinine,lipid,triglycerides,114,0.024763503663939253,0.024763503663939253
pearson,renal,creatinine,lipid,non_hdl,115,0.03593885597842722,0.03593885597842722
pearson,renal,creatinine,lipid,tc_hdl_ratio,115,0.16174080987522252,0.16174080987522252
pearson,renal,creatinine,lipid,trig_hdl_ratio,115,0.10021035535949119,0.10021035535949119
pearson,renal,creatinine,lipid,ldl_hdl_ratio,115,0.12846544704977114,0.12846544704977114
pearson,renal,creatinine,lipid,hdl_ldl_ratio,115,-0.11373530389480027,0.11373530389480027
pearson,renal,creatinine,lipid,apo_a1,103,-0.2436531353901677,0.2436531353901677
pearson,renal,creatinine,lipid,apo_b,104,-0.009341689981575628,0.009341689981575628
pearson,renal,creatinine,lipid,apo_b_apo_a1_ratio,104,0.16321950413612324,0.16321950413612324
pearson,renal,creatinine,lipid,lipoprotein_a,102,0.1401007273225771,0.1401007273225771
pearson,renal,egfr,lipid,total_cholesterol,115,0.0602078562956664,0.0602078562956664
pearson,renal,egfr,lipid,hdl,114,0.025981335698928562,0.025981335698928562
pearson,renal,egfr,lipid,ldl,115,0.08964406755212807,0.08964406755212807
pearson,renal,egfr,lipid,vldl,115,-0.008638035274929975,0.008638035274929975
pearson,renal,egfr,lipid,triglycerides,114,-0.015757723692556725,0.015757723692556725
pearson,renal,egfr,lipid,non_hdl,115,0.051761090920155246,0.051761090920155246
pearson,renal,egfr,lipid,tc_hdl_ratio,115,0.05784202043272784,0.05784202043272784
pearson,renal,egfr,lipid,trig_hdl_ratio,115,0.009735881627696445,0.009735881627696445
pearson,renal,egfr,lipid,ldl_hdl_ratio,115,0.11901261822042859,0.11901261822042859
pearson,renal,egfr,lipid,hdl_ldl_ratio,115,-0.06366570700701231,0.06366570700701231
pearson,renal,egfr,lipid,apo_a1,103,0.007822024435296837,0.007822024435296837
pearson,renal,egfr,lipid,apo_b,104,0.05448664523417456,0.05448664523417456
pearson,renal,egfr,lipid,apo_b_apo_a1_ratio,104,0.0403225352686491,0.0403225352686491
pearson,renal,egfr,lipid,lipoprotein_a,102,-0.16332943760696716,0.16332943760696716
pearson,renal,bun,lipid,total_cholesterol,116,-0.01831170549466564,0.01831170549466564
pearson,renal,bun,lipid,hdl,115,-0.13029611309984707,0.13029611309984707
pearson,renal,bun,lipid,ldl,116,0.03980721387263332,0.03980721387263332
pearson,renal,bun,lipid,vldl,116,0.14796263421434502,0.14796263421434502
pearson,renal,bun,lipid,triglycerides,115,0.22527650340856528,0.22527650340856528
pearson,renal,bun,lipid,non_hdl,116,0.03255071728609669,0.03255071728609669
pearson,renal,bun,lipid,tc_hdl_ratio,116,0.06244975004147764,0.06244975004147764
pearson,renal,bun,lipid,trig_hdl_ratio,116,0.09445043948690314,0.09445043948690314
pearson,renal,bun,lipid,ldl_hdl_ratio,116,0.11727405612447488,0.11727405612447488
pearson,renal,bun,lipid,hdl_ldl_ratio,116,-0.13278887667400033,0.13278887667400033
pearson,renal,bun,lipid,apo_a1,104,-0.07764115539126705,0.07764115539126705
pearson,renal,bun,lipid,apo_b,105,0.10778449768920392,0.10778449768920392
pearson,renal,bun,lipid,apo_b_apo_a1_ratio,105,0.15361913135622912,0.15361913135622912
pearson,renal,bun,lipid,lipoprotein_a,103,0.21612164434853828,0.21612164434853828
pearson,renal,urea,lipid,total_cholesterol,116,-0.018269904213315775,0.018269904213315775
pearson,renal,urea,lipid,hdl,115,-0.13025380838774073,0.13025380838774073
pearson,renal,urea,lipid,ldl,116,0.0398570388416661,0.0398570388416661
pearson,renal,urea,lipid,vldl,116,0.14796070269783176,0.14796070269783176
pearson,renal,urea,lipid,triglycerides,115,0.22529308355056085,0.22529308355056085
pearson,renal,urea,lipid,non_hdl,116,0.032576672283344855,0.032576672283344855
pearson,renal,urea,lipid,tc_hdl_ratio,116,0.062422669226119866,0.062422669226119866
pearson,renal,urea,lipid,trig_hdl_ratio,116,0.09441762765929779,0.09441762765929779
pearson,renal,urea,lipid,ldl_hdl_ratio,116,0.11726943223706272,0.11726943223706272
pearson,renal,urea,lipid,hdl_ldl_ratio,116,-0.13279344642443233,0.13279344642443233
pearson,renal,urea,lipid,apo_a1,104,-0.07757162084488858,0.07757162084488858
pearson,renal,urea,lipid,apo_b,105,0.1077969129029331,0.1077969129029331
pearson,renal,urea,lipid,apo_b_apo_a1_ratio,105,0.15358730963051725,0.15358730963051725
pearson,renal,urea,lipid,lipoprotein_a,103,0.21612318668135935,0.21612318668135935
pearson,renal,uric_acid,lipid,total_cholesterol,116,0.09776670968021244,0.09776670968021244
pearson,renal,uric_acid,lipid,hdl,115,-0.31750371534320315,0.31750371534320315
pearson,renal,uric_acid,lipid,ldl,116,0.10536653165053775,0.10536653165053775
pearson,renal,uric_acid,lipid,vldl,116,0.1426121538867516,0.1426121538867516
pearson,renal,uric_acid,lipid,triglycerides,115,0.06401573414248536,0.06401573414248536
pearson,renal,uric_acid,lipid,non_hdl,116,0.2041635760982522,0.2041635760982522
pearson,renal,uric_acid,lipid,tc_hdl_ratio,116,0.3037638917232702,0.3037638917232702
pearson,renal,uric_acid,lipid,trig_hdl_ratio,116,0.2074923477738968,0.2074923477738968
pearson,renal,uric_acid,lipid,ldl_hdl_ratio,116,0.2746552292409299,0.2746552292409299
pearson,renal,uric_acid,lipid,hdl_ldl_ratio,116,-0.30009377863255865,0.30009377863255865
pearson,renal,uric_acid,lipid,apo_a1,104,-0.17420473380577498,0.17420473380577498
pearson,renal,uric_acid,lipid,apo_b,105,0.11609893668403005,0.11609893668403005
pearson,renal,uric_acid,lipid,apo_b_apo_a1_ratio,105,0.19926343365196308,0.19926343365196308
pearson,renal,uric_acid,lipid,lipoprotein_a,103,0.21605101074857355,0.21605101074857355
pearson,renal,calcium,lipid,total_cholesterol,116,0.11531384769495669,0.11531384769495669
pearson,renal,calcium,lipid,hdl,115,-0.11108079605189944,0.11108079605189944
pearson,renal,calcium,lipid,ldl,116,0.16015730915808157,0.16015730915808157
pearson,renal,calcium,lipid,vldl,116,0.17368379775831372,0.17368379775831372
pearson,renal,calcium,lipid,triglycerides,115,0.20284598681655489,0.20284598681655489
pearson,renal,calcium,lipid,non_hdl,116,0.13838839009752915,0.13838839009752915
pearson,renal,calcium,lipid,tc_hdl_ratio,116,0.06274748872737303,0.06274748872737303
pearson,renal,calcium,lipid,trig_hdl_ratio,116,0.0827514243251101,0.0827514243251101
pearson,renal,calcium,lipid,ldl_hdl_ratio,116,0.11506415333313384,0.11506415333313384
pearson,renal,calcium,lipid,hdl_ldl_ratio,116,-0.1594553461380029,0.1594553461380029
pearson,renal,calcium,lipid,apo_a1,104,0.0396048144434667,0.0396048144434667
pearson,renal,calcium,lipid,apo_b,105,0.15989407598918956,0.15989407598918956
pearson,renal,calcium,lipid,apo_b_apo_a1_ratio,105,0.06287514979146443,0.06287514979146443
pearson,renal,calcium,lipid,lipoprotein_a,103,0.03992523764396182,0.03992523764396182
pearson,renal,bun_creatinine_ratio,lipid,total_cholesterol,114,0.01449939939624603,0.01449939939624603
pearson,renal,bun_creatinine_ratio,lipid,hdl,113,0.033195177940866856,0.033195177940866856
pearson,renal,bun_creatinine_ratio,lipid,ldl,114,0.07254052977326658,0.07254052977326658
pearson,renal,bun_creatinine_ratio,lipid,vldl,114,0.1280466530467934,0.1280466530467934
pearson,renal,bun_creatinine_ratio,lipid,triglycerides,113,0.21430287311913016,0.21430287311913016
pearson,renal,bun_creatinine_ratio,lipid,non_hdl,114,0.004294194900970104,0.004294194900970104
pearson,renal,bun_creatinine_ratio,lipid,tc_hdl_ratio,114,-0.07443963048943866,0.07443963048943866
pearson,renal,bun_creatinine_ratio,lipid,trig_hdl_ratio,114,0.0106637098871492,0.0106637098871492
pearson,renal,bun_creatinine_ratio,lipid,ldl_hdl_ratio,114,-0.0014564658724096316,0.0014564658724096316
pearson,renal,bun_creatinine_ratio,lipid,hdl_ldl_ratio,114,-0.050685177886510537,0.050685177886510537
pearson,renal,bun_creatinine_ratio,lipid,apo_a1,102,0.09744332786405019,0.09744332786405019
pearson,renal,bun_creatinine_ratio,lipid,apo_b,103,0.11149186439097197,0.11149186439097197
pearson,renal,bun_creatinine_ratio,lipid,apo_b_apo_a1_ratio,103,0.016456378617042033,0.016456378617042033
pearson,renal,bun_creatinine_ratio,lipid,lipoprotein_a,103,0.07129217258728504,0.07129217258728504
pearson,renal,urea_creatinine_ratio,lipid,total_cholesterol,116,0.012027118581300419,0.012027118581300419
pearson,renal,urea_creatinine_ratio,lipid,hdl,115,0.03748194764963874,0.03748194764963874
pearson,renal,urea_creatinine_ratio,lipid,ldl,116,0.06768001785901237,0.06768001785901237
pearson,renal,urea_creatinine_ratio,lipid,vldl,116,0.12281680043482314,0.12281680043482314
pearson,renal,urea_creatinine_ratio,lipid,triglycerides,115,0.2075163309243947,0.2075163309243947
pearson,renal,urea_creatinine_ratio,lipid,non_hdl,116,0.00018540985731211194,0.00018540985731211194
pearson,renal,urea_creatinine_ratio,lipid,tc_hdl_ratio,116,-0.07692272258959501,0.07692272258959501
pearson,renal,urea_creatinine_ratio,lipid,trig_hdl_ratio,116,0.008155204965966533,0.008155204965966533
pearson,renal,urea_creatinine_ratio,lipid,ldl_hdl_ratio,116,-0.005686884422103272,0.005686884422103272
pearson,renal,urea_creatinine_ratio,lipid,hdl_ldl_ratio,116,-0.04395919444048432,0.04395919444048432
pearson,renal,urea_creatinine_ratio,lipid,apo_a1,104,0.09835483029364636,0.09835483029364636
pearson,renal,urea_creatinine_ratio,lipid,apo_b,105,0.10746068204211433,0.10746068204211433
pearson,renal,urea_creatinine_ratio,lipid,apo_b_apo_a1_ratio,105,0.014696413946772662,0.014696413946772662
pearson,renal,urea_creatinine_ratio,lipid,lipoprotein_a,103,0.07131245644026821,0.07131245644026821
pearson,renal,urine_creatinine,lipid,total_cholesterol,49,0.283777497965363,0.283777497965363
pearson,renal,urine_creatinine,lipid,hdl,49,-0.04597661463414242,0.04597661463414242
pearson,renal,urine_creatinine,lipid,ldl,49,0.32594852303562377,0.32594852303562377
pearson,renal,urine_creatinine,lipid,vldl,50,-0.11195097670119561,0.11195097670119561
pearson,renal,urine_creatinine,lipid,triglycerides,50,-0.1111694329281085,0.1111694329281085
pearson,renal,urine_creatinine,lipid,non_hdl,49,0.3020569104675521,0.3020569104675521
pearson,renal,urine_creatinine,lipid,tc_hdl_ratio,49,0.20738201409510887,0.20738201409510887
pearson,renal,urine_creatinine,lipid,trig_hdl_ratio,49,-0.09931968681380325,0.09931968681380325
pearson,renal,urine_creatinine,lipid,ldl_hdl_ratio,49,0.25252630044813307,0.25252630044813307
pearson,renal,urine_creatinine,lipid,hdl_ldl_ratio,49,-0.3112176384754022,0.3112176384754022
pearson,renal,urine_creatinine,lipid,apo_a1,48,-0.08065183707463829,0.08065183707463829
pearson,renal,urine_creatinine,lipid,apo_b,48,0.27182421416981134,0.27182421416981134
pearson,renal,urine_creatinine,lipid,apo_b_apo_a1_ratio,48,0.2776760129142273,0.2776760129142273
pearson,renal,urine_creatinine,lipid,lipoprotein_a,48,0.07124733601496183,0.07124733601496183
pearson,renal,urinary_microalbumin,lipid,total_cholesterol,49,-0.12382296110106435,0.12382296110106435
pearson,renal,urinary_microalbumin,lipid,hdl,49,-0.17319210202606145,0.17319210202606145
pearson,renal,urinary_microalbumin,lipid,ldl,49,-0.077323803720474,0.077323803720474
pearson,renal,urinary_microalbumin,lipid,vldl,50,-0.15687976105835877,0.15687976105835877
pearson,renal,urinary_microalbumin,lipid,triglycerides,50,-0.1561295301032851,0.1561295301032851
pearson,renal,urinary_microalbumin,lipid,non_hdl,49,-0.08092009147196745,0.08092009147196745
pearson,renal,urinary_microalbumin,lipid,tc_hdl_ratio,49,-0.021691720296115016,0.021691720296115016
pearson,renal,urinary_microalbumin,lipid,trig_hdl_ratio,49,-0.10207057974427391,0.10207057974427391
pearson,renal,urinary_microalbumin,lipid,ldl_hdl_ratio,49,-0.028731151911591903,0.028731151911591903
pearson,renal,urinary_microalbumin,lipid,hdl_ldl_ratio,49,-0.06553377248029374,0.06553377248029374
pearson,renal,urinary_microalbumin,lipid,apo_a1,48,-0.26405980635688375,0.26405980635688375
pearson,renal,urinary_microalbumin,lipid,apo_b,48,-0.089443993943593,0.089443993943593
pearson,renal,urinary_microalbumin,lipid,apo_b_apo_a1_ratio,48,0.03847837216543085,0.03847837216543085
pearson,renal,urinary_microalbumin,lipid,lipoprotein_a,48,0.13452415693053052,0.13452415693053052
pearson,renal,uacr,lipid,total_cholesterol,49,-0.28731080148883115,0.28731080148883115
pearson,renal,uacr,lipid,hdl,49,-0.11398098384362138,0.11398098384362138
pearson,renal,uacr,lipid,ldl,49,-0.24373228736866726,0.24373228736866726
pearson,renal,uacr,lipid,vldl,50,-0.18542438628439456,0.18542438628439456
pearson,renal,uacr,lipid,triglycerides,50,-0.18520219497235924,0.18520219497235924
pearson,renal,uacr,lipid,non_hdl,49,-0.26479446413564944,0.26479446413564944
pearson,renal,uacr,lipid,tc_hdl_ratio,49,-0.17346538819494134,0.17346538819494134
pearson,renal,uacr,lipid,trig_hdl_ratio,49,-0.12361301361544035,0.12361301361544035
pearson,renal,uacr,lipid,ldl_hdl_ratio,49,-0.18654161364173164,0.18654161364173164
pearson,renal,uacr,lipid,hdl_ldl_ratio,49,0.10365757707623048,0.10365757707623048
pearson,renal,uacr,lipid,apo_a1,48,-0.2012548626993369,0.2012548626993369
pearson,renal,uacr,lipid,apo_b,48,-0.23224477498097015,0.23224477498097015
pearson,renal,uacr,lipid,apo_b_apo_a1_ratio,48,-0.12603126886992103,0.12603126886992103
pearson,renal,uacr,lipid,lipoprotein_a,48,0.10595181970702129,0.10595181970702129
pearson,renal,creatinine,liver,alt,116,-0.04704487842853995,0.04704487842853995
pearson,renal,creatinine,liver,ast,116,-0.06833575804445395,0.06833575804445395
pearson,renal,creatinine,liver,ast_alt_ratio,116,-0.09510036779028988,0.09510036779028988
pearson,renal,creatinine,liver,alkaline_phosphatase,116,-0.06915414784512144,0.06915414784512144
pearson,renal,creatinine,liver,bilirubin_total,116,0.05275025368833684,0.05275025368833684
pearson,renal,creatinine,liver,bilirubin_direct,116,0.08604826254889959,0.08604826254889959
pearson,renal,creatinine,liver,bilirubin_indirect,116,0.044032942336051935,0.044032942336051935
pearson,renal,creatinine,liver,ggt,116,0.056268881639704935,0.056268881639704935
pearson,renal,creatinine,liver,total_protein,116,0.08200564353482165,0.08200564353482165
pearson,renal,creatinine,liver,albumin,116,-0.09062446157383275,0.09062446157383275
pearson,renal,creatinine,liver,globulin,116,0.15638247110781506,0.15638247110781506
pearson,renal,creatinine,liver,albumin_globulin_ratio,116,-0.12278224697381379,0.12278224697381379
pearson,renal,egfr,liver,alt,116,0.20653310455889165,0.20653310455889165
pearson,renal,egfr,liver,ast,116,0.14484869286352747,0.14484869286352747
pearson,renal,egfr,liver,ast_alt_ratio,116,-0.15071185721093427,0.15071185721093427
pearson,renal,egfr,liver,alkaline_phosphatase,116,0.061499584370488,0.061499584370488
pearson,renal,egfr,liver,bilirubin_total,116,-0.0005778944719870238,0.0005778944719870238
pearson,renal,egfr,liver,bilirubin_direct,116,8.514655771775467e-05,8.514655771775467e-05
pearson,renal,egfr,liver,bilirubin_indirect,116,-0.0006986361740528912,0.0006986361740528912
pearson,renal,egfr,liver,ggt,116,0.025851846078137095,0.025851846078137095
pearson,renal,egfr,liver,total_protein,116,-0.03834522792688254,0.03834522792688254
pearson,renal,egfr,liver,albumin,116,0.2753190212053629,0.2753190212053629
pearson,renal,egfr,liver,globulin,116,-0.24367987223642096,0.24367987223642096
pearson,renal,egfr,liver,albumin_globulin_ratio,116,0.28725447858612296,0.28725447858612296
pearson,renal,bun,liver,alt,117,-0.14875649309075495,0.14875649309075495
pearson,renal,bun,liver,ast,117,-0.1922959630176088,0.1922959630176088
pearson,renal,bun,liver,ast_alt_ratio,117,-0.0016416924063950942,0.0016416924063950942
pearson,renal,bun,liver,alkaline_phosphatase,117,0.018658442938575253,0.018658442938575253
pearson,renal,bun,liver,bilirubin_total,117,-0.09886054547296212,0.09886054547296212
pearson,renal,bun,liver,bilirubin_direct,117,-0.13437824239976037,0.13437824239976037
pearson,renal,bun,liver,bilirubin_indirect,117,-0.08814885013939067,0.08814885013939067
pearson,renal,bun,liver,ggt,117,-0.058917263222116066,0.058917263222116066
pearson,renal,bun,liver,total_protein,117,0.1429460284531128,0.1429460284531128
pearson,renal,bun,liver,albumin,117,-0.11842735773678505,0.11842735773678505
pearson,renal,bun,liver,globulin,117,0.24292151893719302,0.24292151893719302
pearson,renal,bun,liver,albumin_globulin_ratio,117,-0.26606481376955443,0.26606481376955443
pearson,renal,urea,liver,alt,117,-0.14879649458209962,0.14879649458209962
pearson,renal,urea,liver,ast,117,-0.19233780008205828,0.19233780008205828
pearson,renal,urea,liver,ast_alt_ratio,117,-0.001594699238817103,0.001594699238817103
pearson,renal,urea,liver,alkaline_phosphatase,117,0.01866864280983037,0.01866864280983037
pearson,renal,urea,liver,bilirubin_total,117,-0.09885978604836654,0.09885978604836654
pearson,renal,urea,liver,bilirubin_direct,117,-0.13438971453087722,0.13438971453087722
pearson,renal,urea,liver,bilirubin_indirect,117,-0.08814554305997209,0.08814554305997209
pearson,renal,urea,liver,ggt,117,-0.05891025119144136,0.05891025119144136
pearson,renal,urea,liver,total_protein,117,0.1429614072073122,0.1429614072073122
pearson,renal,urea,liver,albumin,117,-0.11843470100057688,0.11843470100057688
pearson,renal,urea,liver,globulin,117,0.2429437288423946,0.2429437288423946
pearson,renal,urea,liver,albumin_globulin_ratio,117,-0.2660813683597823,0.2660813683597823
pearson,renal,uric_acid,liver,alt,117,0.05517933362499672,0.05517933362499672
pearson,renal,uric_acid,liver,ast,117,0.06108553748601564,0.06108553748601564
pearson,renal,uric_acid,liver,ast_alt_ratio,117,-0.07636370294594753,0.07636370294594753
pearson,renal,uric_acid,liver,alkaline_phosphatase,117,0.03353679163502754,0.03353679163502754
pearson,renal,uric_acid,liver,bilirubin_total,117,0.08466282033685456,0.08466282033685456
pearson,renal,uric_acid,liver,bilirubin_direct,117,0.1310230632156851,0.1310230632156851
pearson,renal,uric_acid,liver,bilirubin_indirect,117,0.07213624110137158,0.07213624110137158
pearson,renal,uric_acid,liver,ggt,117,0.1771535594041793,0.1771535594041793
pearson,renal,uric_acid,liver,total_protein,117,0.17435681528758218,0.17435681528758218
pearson,renal,uric_acid,liver,albumin,117,-0.09013892370516353,0.09013892370516353
pearson,renal,uric_acid,liver,globulin,117,0.25681085678418436,0.25681085678418436
pearson,renal,uric_acid,liver,albumin_globulin_ratio,117,-0.21123093615969446,0.21123093615969446
pearson,renal,calcium,liver,alt,117,0.09366291496777523,0.09366291496777523
pearson,renal,calcium,liver,ast,117,0.09198997296860068,0.09198997296860068
pearson,renal,calcium,liver,ast_alt_ratio,117,-0.06611828883726004,0.06611828883726004
pearson,renal,calcium,liver,alkaline_phosphatase,117,-0.03552702159362396,0.03552702159362396
pearson,renal,calcium,liver,bilirubin_total,117,0.0046540804656174505,0.0046540804656174505
pearson,renal,calcium,liver,bilirubin_direct,117,-0.06307086459983174,0.06307086459983174
pearson,renal,calcium,liver,bilirubin_indirect,117,0.018745470063997342,0.018745470063997342
pearson,renal,calcium,liver,ggt,117,0.06934514843482784,0.06934514843482784
pearson,renal,calcium,liver,total_protein,117,0.3967010884896619,0.3967010884896619
pearson,renal,calcium,liver,albumin,117,0.40246246475302955,0.40246246475302955
pearson,renal,calcium,liver,globulin,117,0.14255344749429372,0.14255344749429372
pearson,renal,calcium,liver,albumin_globulin_ratio,117,0.03668608245686914,0.03668608245686914
pearson,renal,bun_creatinine_ratio,liver,alt,115,-0.10548516099167372,0.10548516099167372
pearson,renal,bun_creatinine_ratio,liver,ast,115,-0.11241350751732655,0.11241350751732655
pearson,renal,bun_creatinine_ratio,liver,ast_alt_ratio,115,0.07288781017725064,0.07288781017725064
pearson,renal,bun_creatinine_ratio,liver,alkaline_phosphatase,115,0.16397233539916195,0.16397233539916195
pearson,renal,bun_creatinine_ratio,liver,bilirubin_total,115,-0.13886017954071184,0.13886017954071184
pearson,renal,bun_creatinine_ratio,liver,bilirubin_direct,115,-0.2243279632929791,0.2243279632929791
pearson,renal,bun_creatinine_ratio,liver,bilirubin_indirect,115,-0.1161094194370775,0.1161094194370775
pearson,renal,bun_creatinine_ratio,liver,ggt,115,-0.1214693516718995,0.1214693516718995
pearson,renal,bun_creatinine_ratio,liver,total_protein,115,0.07924732835805796,0.07924732835805796
pearson,renal,bun_creatinine_ratio,liver,albumin,115,-0.03096634593055464,0.03096634593055464
pearson,renal,bun_creatinine_ratio,liver,globulin,115,0.10947611064077552,0.10947611064077552
pearson,renal,bun_creatinine_ratio,liver,albumin_globulin_ratio,115,-0.15116766998240577,0.15116766998240577
pearson,renal,urea_creatinine_ratio,liver,alt,117,-0.10393752894410879,0.10393752894410879
pearson,renal,urea_creatinine_ratio,liver,ast,117,-0.11559471483319674,0.11559471483319674
pearson,renal,urea_creatinine_ratio,liver,ast_alt_ratio,117,0.04842429971938257,0.04842429971938257
pearson,renal,urea_creatinine_ratio,liver,alkaline_phosphatase,117,0.1587993206313161,0.1587993206313161
pearson,renal,urea_creatinine_ratio,liver,bilirubin_total,117,-0.12328321597005863,0.12328321597005863
pearson,renal,urea_creatinine_ratio,liver,bilirubin_direct,117,-0.20877140123735924,0.20877140123735924
pearson,renal,urea_creatinine_ratio,liver,bilirubin_indirect,117,-0.10126086343491267,0.10126086343491267
pearson,renal,urea_creatinine_ratio,liver,ggt,117,-0.12426661621871975,0.12426661621871975
pearson,renal,urea_creatinine_ratio,liver,total_protein,117,0.07439759546953013,0.07439759546953013
pearson,renal,urea_creatinine_ratio,liver,albumin,117,-0.03146254729203799,0.03146254729203799
pearson,renal,urea_creatinine_ratio,liver,globulin,117,0.1044911810405293,0.1044911810405293
pearson,renal,urea_creatinine_ratio,liver,albumin_globulin_ratio,117,-0.1465637921561325,0.1465637921561325
pearson,renal,urine_creatinine,liver,alt,51,0.08512730577202411,0.08512730577202411
pearson,renal,urine_creatinine,liver,ast,50,0.040885153161075584,0.040885153161075584
pearson,renal,urine_creatinine,liver,ast_alt_ratio,50,-0.06466873448783658,0.06466873448783658
pearson,renal,urine_creatinine,liver,alkaline_phosphatase,50,0.02552021771411275,0.02552021771411275
pearson,renal,urine_creatinine,liver,bilirubin_total,50,0.20304021941407724,0.20304021941407724
pearson,renal,urine_creatinine,liver,bilirubin_direct,50,0.2273545744293153,0.2273545744293153
pearson,renal,urine_creatinine,liver,bilirubin_indirect,50,0.1917454877283872,0.1917454877283872
pearson,renal,urine_creatinine,liver,ggt,50,0.12726777786727161,0.12726777786727161
pearson,renal,urine_creatinine,liver,total_protein,50,0.18051345454208584,0.18051345454208584
pearson,renal,urine_creatinine,liver,albumin,50,0.03937779588787027,0.03937779588787027
pearson,renal,urine_creatinine,liver,globulin,50,0.18425185424563428,0.18425185424563428
pearson,renal,urine_creatinine,liver,albumin_globulin_ratio,50,-0.12000140315548022,0.12000140315548022
pearson,renal,urinary_microalbumin,liver,alt,51,-0.12412285380761813,0.12412285380761813
pearson,renal,urinary_microalbumin,liver,ast,50,-0.17603803956595462,0.17603803956595462
pearson,renal,urinary_microalbumin,liver,ast_alt_ratio,50,0.015241370954481836,0.015241370954481836
pearson,renal,urinary_microalbumin,liver,alkaline_phosphatase,50,0.0792474272858963,0.0792474272858963
pearson,renal,urinary_microalbumin,liver,bilirubin_total,50,-0.16513907372242206,0.16513907372242206
pearson,renal,urinary_microalbumin,liver,bilirubin_direct,50,-0.08983210822344577,0.08983210822344577
pearson,renal,urinary_microalbumin,liver,bilirubin_indirect,50,-0.17649676300645106,0.17649676300645106
pearson,renal,urinary_microalbumin,liver,ggt,50,-0.025598148851206703,0.025598148851206703
pearson,renal,urinary_microalbumin,liver,total_protein,50,-0.15515533781318613,0.15515533781318613
pearson,renal,urinary_microalbumin,liver,albumin,50,-0.3141438311487723,0.3141438311487723
pearson,renal,urinary_microalbumin,liver,globulin,50,0.021167573522235947,0.021167573522235947
pearson,renal,urinary_microalbumin,liver,albumin_globulin_ratio,50,-0.19178808325719893,0.19178808325719893
pearson,renal,uacr,liver,alt,51,-0.09098144036479033,0.09098144036479033
pearson,renal,uacr,liver,ast,50,-0.10731337897419904,0.10731337897419904
pearson,renal,uacr,liver,ast_alt_ratio,50,-0.009996721011903494,0.009996721011903494
pearson,renal,uacr,liver,alkaline_phosphatase,50,-0.008024714772618794,0.008024714772618794
pearson,renal,uacr,liver,bilirubin_total,50,-0.27176469729043046,0.27176469729043046
pearson,renal,uacr,liver,bilirubin_direct,50,-0.19506508785598237,0.19506508785598237
pearson,renal,uacr,liver,bilirubin_indirect,50,-0.28025075829019996,0.28025075829019996
pearson,renal,uacr,liver,ggt,50,-0.048598102290434674,0.048598102290434674
pearson,renal,uacr,liver,total_protein,50,-0.24543186192292166,0.24543186192292166
pearson,renal,uacr,liver,albumin,50,-0.30057281738200137,0.30057281738200137
pearson,renal,uacr,liver,globulin,50,-0.09228494646113145,0.09228494646113145
pearson,renal,uacr,liver,albumin_globulin_ratio,50,-0.0994756578572183,0.0994756578572183
pearson,renal,creatinine,thyroid,tsh,108,-0.17164879639632222,0.17164879639632222
pearson,renal,creatinine,thyroid,t4,106,-0.07132884075301195,0.07132884075301195
pearson,renal,creatinine,thyroid,t3,105,-0.06918708069423454,0.06918708069423454
pearson,renal,egfr,thyroid,tsh,108,0.1207691968261116,0.1207691968261116
pearson,renal,egfr,thyroid,t4,106,0.06707630962338733,0.06707630962338733
pearson,renal,egfr,thyroid,t3,105,0.08780217472262378,0.08780217472262378
pearson,renal,bun,thyroid,tsh,109,-0.0868503981231954,0.0868503981231954
pearson,renal,bun,thyroid,t4,107,0.08773858295219869,0.08773858295219869
pearson,renal,bun,thyroid,t3,106,-0.021519396180530125,0.021519396180530125
pearson,renal,urea,thyroid,tsh,109,-0.0868653343262932,0.0868653343262932
pearson,renal,urea,thyroid,t4,107,0.08774378422919075,0.08774378422919075
pearson,renal,urea,thyroid,t3,106,-0.021550694780262537,0.021550694780262537
pearson,renal,uric_acid,thyroid,tsh,109,-0.011571250336248127,0.011571250336248127
pearson,renal,uric_acid,thyroid,t4,107,-0.1212462503427534,0.1212462503427534
pearson,renal,uric_acid,thyroid,t3,106,-0.18484640033725375,0.18484640033725375
pearson,renal,calcium,thyroid,tsh,110,-0.17901939413916076,0.17901939413916076
pearson,renal,calcium,thyroid,t4,108,0.2093159554026777,0.2093159554026777
pearson,renal,calcium,thyroid,t3,107,0.0033966706315043576,0.0033966706315043576
pearson,renal,bun_creatinine_ratio,thyroid,tsh,107,0.07252762593510184,0.07252762593510184
pearson,renal,bun_creatinine_ratio,thyroid,t4,105,0.12347347771789377,0.12347347771789377
pearson,renal,bun_creatinine_ratio,thyroid,t3,104,0.062020089408395235,0.062020089408395235
pearson,renal,urea_creatinine_ratio,thyroid,tsh,109,0.07080655164881926,0.07080655164881926
pearson,renal,urea_creatinine_ratio,thyroid,t4,107,0.1219608154548812,0.1219608154548812
pearson,renal,urea_creatinine_ratio,thyroid,t3,106,0.0530235557668058,0.0530235557668058
pearson,renal,urine_creatinine,thyroid,tsh,45,-0.08984284024266266,0.08984284024266266
pearson,renal,urine_creatinine,thyroid,t4,44,-0.09375740829252222,0.09375740829252222
pearson,renal,urine_creatinine,thyroid,t3,44,0.07837616324078024,0.07837616324078024
pearson,renal,urinary_microalbumin,thyroid,tsh,45,-0.06263121501528422,0.06263121501528422
pearson,renal,urinary_microalbumin,thyroid,t4,44,-0.2333816269641774,0.2333816269641774
pearson,renal,urinary_microalbumin,thyroid,t3,44,-0.16480539186384396,0.16480539186384396
pearson,renal,uacr,thyroid,tsh,45,0.14652393592926574,0.14652393592926574
pearson,renal,uacr,thyroid,t4,44,-0.18885680986580305,0.18885680986580305
pearson,renal,uacr,thyroid,t3,44,-0.21164042500306637,0.21164042500306637
pearson,renal,creatinine,vitamins,vitamin_d,100,0.17373302617554834,0.17373302617554834
pearson,renal,creatinine,vitamins,vitamin_b12,93,0.027951541440044293,0.027951541440044293
pearson,renal,egfr,vitamins,vitamin_d,100,-0.1767371041637687,0.1767371041637687
pearson,renal,egfr,vitamins,vitamin_b12,93,-0.1405294221844216,0.1405294221844216
pearson,renal,bun,vitamins,vitamin_d,101,0.11422072345254466,0.11422072345254466
pearson,renal,bun,vitamins,vitamin_b12,93,0.12115850835274121,0.12115850835274121
pearson,renal,urea,vitamins,vitamin_d,101,0.1141778112322149,0.1141778112322149
pearson,renal,urea,vitamins,vitamin_b12,93,0.12114189216091041,0.12114189216091041
pearson,renal,uric_acid,vitamins,vitamin_d,101,0.22390848877664934,0.22390848877664934
pearson,renal,uric_acid,vitamins,vitamin_b12,93,-0.12313752044452107,0.12313752044452107
pearson,renal,calcium,vitamins,vitamin_d,102,0.098865191001746,0.098865191001746
pearson,renal,calcium,vitamins,vitamin_b12,94,0.010846213909677688,0.010846213909677688
pearson,renal,bun_creatinine_ratio,vitamins,vitamin_d,99,-0.08467346672431744,0.08467346672431744
pearson,renal,bun_creatinine_ratio,vitamins,vitamin_b12,91,0.11964977984142812,0.11964977984142812
pearson,renal,urea_creatinine_ratio,vitamins,vitamin_d,101,-0.07760586014501589,0.07760586014501589
pearson,renal,urea_creatinine_ratio,vitamins,vitamin_b12,93,0.12062999790467055,0.12062999790467055
pearson,renal,urine_creatinine,vitamins,vitamin_d,47,0.166766218364882,0.166766218364882
pearson,renal,urine_creatinine,vitamins,vitamin_b12,44,-0.05226193990795616,0.05226193990795616
pearson,renal,urinary_microalbumin,vitamins,vitamin_d,47,0.0939410831633209,0.0939410831633209
pearson,renal,urinary_microalbumin,vitamins,vitamin_b12,44,-0.017629920462688093,0.017629920462688093
pearson,renal,uacr,vitamins,vitamin_d,47,0.028681949812328352,0.028681949812328352
pearson,renal,uacr,vitamins,vitamin_b12,44,0.04648698768677685,0.04648698768677685
pearson,renal,creatinine,inflammation,hs_crp,104,0.20335572706540075,0.20335572706540075
pearson,renal,egfr,inflammation,hs_crp,104,-0.08629834327375033,0.08629834327375033
pearson,renal,bun,inflammation,hs_crp,105,0.21207779622363382,0.21207779622363382
pearson,renal,urea,inflammation,hs_crp,105,0.21203896648397222,0.21203896648397222
pearson,renal,uric_acid,inflammation,hs_crp,105,0.15489412317386506,0.15489412317386506
pearson,renal,calcium,inflammation,hs_crp,105,-0.16387577780806417,0.16387577780806417
pearson,renal,bun_creatinine_ratio,inflammation,hs_crp,103,0.025067996154802378,0.025067996154802378
pearson,renal,urea_creatinine_ratio,inflammation,hs_crp,105,0.024494606449520645,0.024494606449520645
pearson,renal,urine_creatinine,inflammation,hs_crp,48,-0.020925634105614436,0.020925634105614436
pearson,renal,urinary_microalbumin,inflammation,hs_crp,48,0.030967087345916838,0.030967087345916838
pearson,renal,uacr,inflammation,hs_crp,48,0.005306411737382334,0.005306411737382334
pearson,renal,creatinine,cbc,hemoglobin,116,0.19477773819348268,0.19477773819348268
pearson,renal,creatinine,cbc,wbc,116,0.06837357839133855,0.06837357839133855
pearson,renal,creatinine,cbc,platelet_count,116,-0.06902512766471779,0.06902512766471779
pearson,renal,creatinine,cbc,hematocrit,82,0.3441935300740818,0.3441935300740818
pearson,renal,creatinine,cbc,rbc,82,0.36995209645961835,0.36995209645961835
pearson,renal,creatinine,cbc,mcv,116,0.2653196875633883,0.2653196875633883
pearson,renal,creatinine,cbc,mch,116,0.3312122372679024,0.3312122372679024
pearson,renal,creatinine,cbc,mchc,76,0.16055125380680754,0.16055125380680754
pearson,renal,creatinine,cbc,rdw_cv,116,-0.14796002033673447,0.14796002033673447
pearson,renal,creatinine,cbc,rdw_sd,116,0.06399978899358028,0.06399978899358028
pearson,renal,creatinine,cbc,mpv,100,0.10522300616621763,0.10522300616621763
pearson,renal,egfr,cbc,hemoglobin,116,0.0881546352582619,0.0881546352582619
pearson,renal,egfr,cbc,wbc,116,0.07629410964540187,0.07629410964540187
pearson,renal,egfr,cbc,platelet_count,116,0.13143267689726998,0.13143267689726998
pearson,renal,egfr,cbc,hematocrit,82,-0.06112555426382111,0.06112555426382111
pearson,renal,egfr,cbc,rbc,82,-0.03714699374332633,0.03714699374332633
pearson,renal,egfr,cbc,mcv,116,-0.26202433654917306,0.26202433654917306
pearson,renal,egfr,cbc,mch,116,-0.2085287360313739,0.2085287360313739
pearson,renal,egfr,cbc,mchc,76,0.0994761896923782,0.0994761896923782
pearson,renal,egfr,cbc,rdw_cv,116,-0.05980465901974804,0.05980465901974804
pearson,renal,egfr,cbc,rdw_sd,116,-0.24822763100289927,0.24822763100289927
pearson,renal,egfr,cbc,mpv,100,-0.0828794457427788,0.0828794457427788
pearson,renal,bun,cbc,hemoglobin,117,-0.07443519166197488,0.07443519166197488
pearson,renal,bun,cbc,wbc,117,0.17437077331011475,0.17437077331011475
pearson,renal,bun,cbc,platelet_count,117,0.09142072113434664,0.09142072113434664
pearson,renal,bun,cbc,hematocrit,83,0.13821462416685476,0.13821462416685476
pearson,renal,bun,cbc,rbc,83,0.15011087059958772,0.15011087059958772
pearson,renal,bun,cbc,mcv,117,-0.10535379396825467,0.10535379396825467
pearson,renal,bun,cbc,mch,117,-0.08764915652339655,0.08764915652339655
pearson,renal,bun,cbc,mchc,77,-0.16722847986251377,0.16722847986251377
pearson,renal,bun,cbc,rdw_cv,117,-0.01676989816221879,0.01676989816221879
pearson,renal,bun,cbc,rdw_sd,117,-0.09945740455812661,0.09945740455812661
pearson,renal,bun,cbc,mpv,100,-0.007133577724736903,0.007133577724736903
pearson,renal,urea,cbc,hemoglobin,117,-0.07442257785016508,0.07442257785016508
pearson,renal,urea,cbc,wbc,117,0.17431791192747959,0.17431791192747959
pearson,renal,urea,cbc,platelet_count,117,0.09144814715354878,0.09144814715354878
pearson,renal,urea,cbc,hematocrit,83,0.13823263205645425,0.13823263205645425
pearson,renal,urea,cbc,rbc,83,0.15004682759184002,0.15004682759184002
pearson,renal,urea,cbc,mcv,117,-0.10535735251086764,0.10535735251086764
pearson,renal,urea,cbc,mch,117,-0.08766370532031519,0.08766370532031519
pearson,renal,urea,cbc,mchc,77,-0.1672665940163373,0.1672665940163373
pearson,renal,urea,cbc,rdw_cv,117,-0.016756822208513492,0.016756822208513492
pearson,renal,urea,cbc,rdw_sd,117,-0.09945583857342492,0.09945583857342492
pearson,renal,urea,cbc,mpv,100,-0.007196079627557626,0.007196079627557626
pearson,renal,uric_acid,cbc,hemoglobin,117,0.16518275918468037,0.16518275918468037
pearson,renal,uric_acid,cbc,wbc,117,0.05767560244928987,0.05767560244928987
pearson,renal,uric_acid,cbc,platelet_count,117,0.08952652795166331,0.08952652795166331
pearson,renal,uric_acid,cbc,hematocrit,83,0.21529515920711173,0.21529515920711173
pearson,renal,uric_acid,cbc,rbc,83,0.16875482835695058,0.16875482835695058
pearson,renal,uric_acid,cbc,mcv,117,0.23758813053619723,0.23758813053619723
pearson,renal,uric_acid,cbc,mch,117,0.2203608197667588,0.2203608197667588
pearson,renal,uric_acid,cbc,mchc,77,0.17654345415841008,0.17654345415841008
pearson,renal,uric_acid,cbc,rdw_cv,117,-0.04337217988284508,0.04337217988284508
pearson,renal,uric_acid,cbc,rdw_sd,117,0.1311157061936052,0.1311157061936052
pearson,renal,uric_acid,cbc,mpv,100,-0.0902171935265542,0.0902171935265542
pearson,renal,calcium,cbc,hemoglobin,118,0.10904817388024035,0.10904817388024035
pearson,renal,calcium,cbc,wbc,118,-0.0034708486735308534,0.0034708486735308534
pearson,renal,calcium,cbc,platelet_count,118,0.25665023565120704,0.25665023565120704
pearson,renal,calcium,cbc,hematocrit,84,0.29005342197166534,0.29005342197166534
pearson,renal,calcium,cbc,rbc,84,0.10876474393256402,0.10876474393256402
pearson,renal,calcium,cbc,mcv,118,-0.0025925499560959316,0.0025925499560959316
pearson,renal,calcium,cbc,mch,118,0.021747998703807097,0.021747998703807097
pearson,renal,calcium,cbc,mchc,78,-0.05708048597219061,0.05708048597219061
pearson,renal,calcium,cbc,rdw_cv,118,0.02533299134515201,0.02533299134515201
pearson,renal,calcium,cbc,rdw_sd,118,0.026662310818592543,0.026662310818592543
pearson,renal,calcium,cbc,mpv,101,-0.004269534308120166,0.004269534308120166
pearson,renal,bun_creatinine_ratio,cbc,hemoglobin,115,-0.20830525854902712,0.20830525854902712
pearson,renal,bun_creatinine_ratio,cbc,wbc,115,0.11068075475245424,0.11068075475245424
pearson,renal,bun_creatinine_ratio,cbc,platelet_count,115,0.12199568842958679,0.12199568842958679
pearson,renal,bun_creatinine_ratio,cbc,hematocrit,81,-0.15184935554732398,0.15184935554732398
pearson,renal,bun_creatinine_ratio,cbc,rbc,81,-0.1792318509544294,0.1792318509544294
pearson,renal,bun_creatinine_ratio,cbc,mcv,115,-0.2911209774456457,0.2911209774456457
pearson,renal,bun_creatinine_ratio,cbc,mch,115,-0.3538653547021685,0.3538653547021685
pearson,renal,bun_creatinine_ratio,cbc,mchc,76,-0.36753695700266464,0.36753695700266464
pearson,renal,bun_creatinine_ratio,cbc,rdw_cv,115,0.19114446681152078,0.19114446681152078
pearson,renal,bun_creatinine_ratio,cbc,rdw_sd,115,-0.03766943515309404,0.03766943515309404
pearson,renal,bun_creatinine_ratio,cbc,mpv,98,-0.06825703715500799,0.06825703715500799
pearson,renal,urea_creatinine_ratio,cbc,hemoglobin,117,-0.21787723219684207,0.21787723219684207
pearson,renal,urea_creatinine_ratio,cbc,wbc,117,0.11035097770504759,0.11035097770504759
pearson,renal,urea_creatinine_ratio,cbc,platelet_count,117,0.12764336997467857,0.12764336997467857
pearson,renal,urea_creatinine_ratio,cbc,hematocrit,83,-0.17168011193896343,0.17168011193896343
pearson,renal,urea_creatinine_ratio,cbc,rbc,83,-0.19664812937614726,0.19664812937614726
pearson,renal,urea_creatinine_ratio,cbc,mcv,117,-0.2893622171374614,0.2893622171374614
pearson,renal,urea_creatinine_ratio,cbc,mch,117,-0.355044476497042,0.355044476497042
pearson,renal,urea_creatinine_ratio,cbc,mchc,77,-0.3577833561092139,0.3577833561092139
pearson,renal,urea_creatinine_ratio,cbc,rdw_cv,117,0.18792197344254521,0.18792197344254521
pearson,renal,urea_creatinine_ratio,cbc,rdw_sd,117,-0.038509293285702906,0.038509293285702906
pearson,renal,urea_creatinine_ratio,cbc,mpv,100,-0.0729236337350936,0.0729236337350936
pearson,renal,urine_creatinine,cbc,hemoglobin,49,0.22373468820340067,0.22373468820340067
pearson,renal,urine_creatinine,cbc,wbc,49,0.0513505220026495,0.0513505220026495
pearson,renal,urine_creatinine,cbc,platelet_count,49,-0.07296073349968356,0.07296073349968356
pearson,renal,urine_creatinine,cbc,hematocrit,33,0.045386363106783414,0.045386363106783414
pearson,renal,urine_creatinine,cbc,rbc,33,0.10539403767831194,0.10539403767831194
pearson,renal,urine_creatinine,cbc,mcv,49,-0.0552912764290108,0.0552912764290108
pearson,renal,urine_creatinine,cbc,mch,49,0.012290328073105759,0.012290328073105759
pearson,renal,urine_creatinine,cbc,mchc,31,0.20606743386174747,0.20606743386174747
pearson,renal,urine_creatinine,cbc,rdw_cv,49,-0.03451771589847239,0.03451771589847239
pearson,renal,urine_creatinine,cbc,rdw_sd,49,-0.09362353370700308,0.09362353370700308
pearson,renal,urine_creatinine,cbc,mpv,39,-0.09417449064099119,0.09417449064099119
pearson,renal,urinary_microalbumin,cbc,hemoglobin,49,-0.2965774596749447,0.2965774596749447
pearson,renal,urinary_microalbumin,cbc,wbc,49,0.2645205033217394,0.2645205033217394
pearson,renal,urinary_microalbumin,cbc,platelet_count,49,0.09247813869789635,0.09247813869789635
pearson,renal,urinary_microalbumin,cbc,hematocrit,33,-0.2823676991968842,0.2823676991968842
pearson,renal,urinary_microalbumin,cbc,rbc,33,-0.25745050096189565,0.25745050096189565
pearson,renal,urinary_microalbumin,cbc,mcv,49,-0.13280433957564786,0.13280433957564786
pearson,renal,urinary_microalbumin,cbc,mch,49,-0.14496954141416296,0.14496954141416296
pearson,renal,urinary_microalbumin,cbc,mchc,31,-0.05376574042527941,0.05376574042527941
pearson,renal,urinary_microalbumin,cbc,rdw_cv,49,0.2269869482487621,0.2269869482487621
pearson,renal,urinary_microalbumin,cbc,rdw_sd,49,0.11349040618724264,0.11349040618724264
pearson,renal,urinary_microalbumin,cbc,mpv,39,-0.13942877377342358,0.13942877377342358
pearson,renal,uacr,cbc,hemoglobin,49,-0.4020707502083071,0.4020707502083071
pearson,renal,uacr,cbc,wbc,49,0.09064612962291521,0.09064612962291521
pearson,renal,uacr,cbc,platelet_count,49,0.02376024849644067,0.02376024849644067
pearson,renal,uacr,cbc,hematocrit,33,-0.3546354559138374,0.3546354559138374
pearson,renal,uacr,cbc,rbc,33,-0.37795335567198657,0.37795335567198657
pearson,renal,uacr,cbc,mcv,49,-0.12816824924502643,0.12816824924502643
pearson,renal,uacr,cbc,mch,49,-0.11368570007257646,0.11368570007257646
pearson,renal,uacr,cbc,mchc,31,-0.13557725492694875,0.13557725492694875
pearson,renal,uacr,cbc,rdw_cv,49,0.17434536048877802,0.17434536048877802
pearson,renal,uacr,cbc,rdw_sd,49,0.09241585512239257,0.09241585512239257
pearson,renal,uacr,cbc,mpv,39,-0.04874554011581505,0.04874554011581505
pearson,lipid,total_cholesterol,liver,alt,116,0.07996828002784884,0.07996828002784884
pearson,lipid,total_cholesterol,liver,ast,116,0.008800003184066742,0.008800003184066742
pearson,lipid,total_cholesterol,liver,ast_alt_ratio,116,-0.1018064703855055,0.1018064703855055
pearson,lipid,total_cholesterol,liver,alkaline_phosphatase,116,-0.0722147328426735,0.0722147328426735
pearson,lipid,total_cholesterol,liver,bilirubin_total,116,0.1016397299705204,0.1016397299705204
pearson,lipid,total_cholesterol,liver,bilirubin_direct,116,-0.14964060387412947,0.14964060387412947
pearson,lipid,total_cholesterol,liver,bilirubin_indirect,116,0.1511672734126997,0.1511672734126997
pearson,lipid,total_cholesterol,liver,ggt,116,0.06354195804105953,0.06354195804105953
pearson,lipid,total_cholesterol,liver,total_protein,116,0.1545337101757327,0.1545337101757327
pearson,lipid,total_cholesterol,liver,albumin,116,0.253061110805916,0.253061110805916
pearson,lipid,total_cholesterol,liver,globulin,116,-0.014329154149953203,0.014329154149953203
pearson,lipid,total_cholesterol,liver,albumin_globulin_ratio,116,0.11587585444100088,0.11587585444100088
pearson,lipid,hdl,liver,alt,115,-0.40340850723668714,0.40340850723668714
pearson,lipid,hdl,liver,ast,115,-0.30068473383375305,0.30068473383375305
pearson,lipid,hdl,liver,ast_alt_ratio,115,0.44351214482312157,0.44351214482312157
pearson,lipid,hdl,liver,alkaline_phosphatase,115,-0.19164698198940056,0.19164698198940056
pearson,lipid,hdl,liver,bilirubin_total,115,0.012707706076879108,0.012707706076879108
pearson,lipid,hdl,liver,bilirubin_direct,115,0.012329487168741831,0.012329487168741831
pearson,lipid,hdl,liver,bilirubin_indirect,115,0.012396478944793229,0.012396478944793229
pearson,lipid,hdl,liver,ggt,115,-0.14489784481127121,0.14489784481127121
pearson,lipid,hdl,liver,total_protein,115,-0.10196552719704234,0.10196552719704234
pearson,lipid,hdl,liver,albumin,115,0.01435884138745915,0.01435884138745915
pearson,lipid,hdl,liver,globulin,115,-0.11796210399737381,0.11796210399737381
pearson,lipid,hdl,liver,albumin_globulin_ratio,115,0.11068941784809089,0.11068941784809089
pearson,lipid,ldl,liver,alt,116,0.16165440144215923,0.16165440144215923
pearson,lipid,ldl,liver,ast,116,0.07100136214920134,0.07100136214920134
pearson,lipid,ldl,liver,ast_alt_ratio,116,-0.13003382016078702,0.13003382016078702
pearson,lipid,ldl,liver,alkaline_phosphatase,116,-0.01114437020485624,0.01114437020485624
pearson,lipid,ldl,liver,bilirubin_total,116,0.19424029512408675,0.19424029512408675
pearson,lipid,ldl,liver,bilirubin_direct,116,-0.047471495673064135,0.047471495673064135
pearson,lipid,ldl,liver,bilirubin_indirect,116,0.2387052925723526,0.2387052925723526
pearson,lipid,ldl,liver,ggt,116,-0.01215422372942079,0.01215422372942079
pearson,lipid,ldl,liver,total_protein,116,0.2618993797639093,0.2618993797639093
pearson,lipid,ldl,liver,albumin,116,0.2798157700330936,0.2798157700330936
pearson,lipid,ldl,liver,globulin,116,0.08410021116472156,0.08410021116472156
pearson,lipid,ldl,liver,albumin_globulin_ratio,116,0.022184910252980188,0.022184910252980188
pearson,lipid,vldl,liver,alt,117,0.17256373679640927,0.17256373679640927
pearson,lipid,vldl,liver,ast,116,0.10313772269898921,0.10313772269898921
pearson,lipid,vldl,liver,ast_alt_ratio,116,-0.24955344276244096,0.24955344276244096
pearson,lipid,vldl,liver,alkaline_phosphatase,116,0.1590571054927442,0.1590571054927442
pearson,lipid,vldl,liver,bilirubin_total,116,-0.16473390520067302,0.16473390520067302
pearson,lipid,vldl,liver,bilirubin_direct,116,-0.31878774819329264,0.31878774819329264
pearson,lipid,vldl,liver,bilirubin_indirect,116,-0.12689361782694056,0.12689361782694056
pearson,lipid,vldl,liver,ggt,116,0.1854971332018079,0.1854971332018079
pearson,lipid,vldl,liver,total_protein,116,0.0765687491338702,0.0765687491338702
pearson,lipid,vldl,liver,albumin,116,0.06419875980650208,0.06419875980650208
pearson,lipid,vldl,liver,globulin,116,0.03739023376032916,0.03739023376032916
pearson,lipid,vldl,liver,albumin_globulin_ratio,116,-0.004304336416187644,0.004304336416187644
pearson,lipid,triglycerides,liver,alt,116,0.1819206053161907,0.1819206053161907
pearson,lipid,triglycerides,liver,ast,115,0.11670591653823809,0.11670591653823809
pearson,lipid,triglycerides,liver,ast_alt_ratio,115,-0.24335766722596505,0.24335766722596505
pearson,lipid,triglycerides,liver,alkaline_phosphatase,115,0.2102692166190091,0.2102692166190091
pearson,lipid,triglycerides,liver,bilirubin_total,115,-0.1448285442268902,0.1448285442268902
pearson,lipid,triglycerides,liver,bilirubin_direct,115,-0.30818229827429355,0.30818229827429355
pearson,lipid,triglycerides,liver,bilirubin_indirect,115,-0.10578460643755667,0.10578460643755667
pearson,lipid,triglycerides,liver,ggt,115,0.17531396208192704,0.17531396208192704
pearson,lipid,triglycerides,liver,total_protein,115,0.1528728804901448,0.1528728804901448
pearson,lipid,triglycerides,liver,albumin,115,0.0801261947548001,0.0801261947548001
pearson,lipid,triglycerides,liver,globulin,115,0.10926440279154792,0.10926440279154792
pearson,lipid,triglycerides,liver,albumin_globulin_ratio,115,-0.06290723512470478,0.06290723512470478
pearson,lipid,non_hdl,liver,alt,116,0.20941672823258153,0.20941672823258153
pearson,lipid,non_hdl,liver,ast,116,0.10165777135047041,0.10165777135047041
pearson,lipid,non_hdl,liver,ast_alt_ratio,116,-0.24977347841625636,0.24977347841625636
pearson,lipid,non_hdl,liver,alkaline_phosphatase,116,0.004064109869025479,0.004064109869025479
pearson,lipid,non_hdl,liver,bilirubin_total,116,0.09493253183016491,0.09493253183016491
pearson,lipid,non_hdl,liver,bilirubin_direct,116,-0.14749726811301397,0.14749726811301397
pearson,lipid,non_hdl,liver,bilirubin_indirect,116,0.14281860255989648,0.14281860255989648
pearson,lipid,non_hdl,liver,ggt,116,0.11204819895928834,0.11204819895928834
pearson,lipid,non_hdl,liver,total_protein,116,0.16916958514005415,0.16916958514005415
pearson,lipid,non_hdl,liver,albumin,116,0.2165771992367437,0.2165771992367437
pearson,lipid,non_hdl,liver,globulin,116,0.02826773456772678,0.02826773456772678
pearson,lipid,non_hdl,liver,albumin_globulin_ratio,116,0.062363540618596745,0.062363540618596745
pearson,lipid,tc_hdl_ratio,liver,alt,116,0.33065660172457734,0.33065660172457734
pearson,lipid,tc_hdl_ratio,liver,ast,116,0.17675316461180895,0.17675316461180895
pearson,lipid,tc_hdl_ratio,liver,ast_alt_ratio,116,-0.3886711988006349,0.3886711988006349
pearson,lipid,tc_hdl_ratio,liver,alkaline_phosphatase,116,0.12918294480808395,0.12918294480808395
pearson,lipid,tc_hdl_ratio,liver,bilirubin_total,116,-0.017542235386425027,0.017542235386425027
pearson,lipid,tc_hdl_ratio,liver,bilirubin_direct,116,-0.11303605227394596,0.11303605227394596
pearson,lipid,tc_hdl_ratio,liver,bilirubin_indirect,116,0.0031291681251020068,0.0031291681251020068
pearson,lipid,tc_hdl_ratio,liver,ggt,116,0.15146057156037196,0.15146057156037196
pearson,lipid,tc_hdl_ratio,liver,total_protein,116,0.008618191695209318,0.008618191695209318
pearson,lipid,tc_hdl_ratio,liver,albumin,116,-0.03528771398467568,0.03528771398467568
pearson,lipid,tc_hdl_ratio,liver,globulin,116,0.035119994233077614,0.035119994233077614
pearson,lipid,tc_hdl_ratio,liver,albumin_globulin_ratio,116,-0.05383132769579923,0.05383132769579923
pearson,lipid,trig_hdl_ratio,liver,alt,116,0.2298715363964409,0.2298715363964409
pearson,lipid,trig_hdl_ratio,liver,ast,116,0.13135876054792978,0.13135876054792978
pearson,lipid,trig_hdl_ratio,liver,ast_alt_ratio,116,-0.286438414977065,0.286438414977065
pearson,lipid,trig_hdl_ratio,liver,alkaline_phosphatase,116,0.15781064180103715,0.15781064180103715
pearson,lipid,trig_hdl_ratio,liver,bilirubin_total,116,-0.1534883687521724,0.1534883687521724
pearson,lipid,trig_hdl_ratio,liver,bilirubin_direct,116,-0.23641461171696862,0.23641461171696862
pearson,lipid,trig_hdl_ratio,liver,bilirubin_indirect,116,-0.13098501735652554,0.13098501735652554
pearson,lipid,trig_hdl_ratio,liver,ggt,116,0.16592803943977025,0.16592803943977025
pearson,lipid,trig_hdl_ratio,liver,total_protein,116,-0.036480105920050646,0.036480105920050646
pearson,lipid,trig_hdl_ratio,liver,albumin,116,-0.05198895464267534,0.05198895464267534
pearson,lipid,trig_hdl_ratio,liver,globulin,116,-0.0022524499204803357,0.0022524499204803357
pearson,lipid,trig_hdl_ratio,liver,albumin_globulin_ratio,116,-0.026411563812489144,0.026411563812489144
pearson,lipid,ldl_hdl_ratio,liver,alt,116,0.4097805334882918,0.4097805334882918
pearson,lipid,ldl_hdl_ratio,liver,ast,116,0.22648073557567688,0.22648073557567688
pearson,lipid,ldl_hdl_ratio,liver,ast_alt_ratio,116,-0.42167654561393453,0.42167654561393453
pearson,lipid,ldl_hdl_ratio,liver,alkaline_phosphatase,116,0.17888383377493822,0.17888383377493822
pearson,lipid,ldl_hdl_ratio,liver,bilirubin_total,116,0.08503089076411098,0.08503089076411098
pearson,lipid,ldl_hdl_ratio,liver,bilirubin_direct,116,-0.027342738212527976,0.027342738212527976
pearson,lipid,ldl_hdl_ratio,liver,bilirubin_indirect,116,0.10587662705157483,0.10587662705157483
pearson,lipid,ldl_hdl_ratio,liver,ggt,116,0.10169708392261159,0.10169708392261159
pearson,lipid,ldl_hdl_ratio,liver,total_protein,116,0.13524437236597586,0.13524437236597586
pearson,lipid,ldl_hdl_ratio,liver,albumin,116,0.014160889954882893,0.014160889954882893
pearson,lipid,ldl_hdl_ratio,liver,globulin,116,0.13819581039719284,0.13819581039719284
pearson,lipid,ldl_hdl_ratio,liver,albumin_globulin_ratio,116,-0.13707670624453838,0.13707670624453838
pearson,lipid,hdl_ldl_ratio,liver,alt,116,-0.3806477893635249,0.3806477893635249
pearson,lipid,hdl_ldl_ratio,liver,ast,116,-0.2670599805192634,0.2670599805192634
pearson,lipid,hdl_ldl_ratio,liver,ast_alt_ratio,116,0.3843930810783081,0.3843930810783081
pearson,lipid,hdl_ldl_ratio,liver,alkaline_phosphatase,116,-0.19451884949451845,0.19451884949451845
pearson,lipid,hdl_ldl_ratio,liver,bilirubin_total,116,-0.10235161429915715,0.10235161429915715
pearson,lipid,hdl_ldl_ratio,liver,bilirubin_direct,116,0.03973866950727461,0.03973866950727461
pearson,lipid,hdl_ldl_ratio,liver,bilirubin_indirect,116,-0.1288799847233076,0.1288799847233076
pearson,lipid,hdl_ldl_ratio,liver,ggt,116,-0.1394281707369127,0.1394281707369127
pearson,lipid,hdl_ldl_ratio,liver,total_protein,116,-0.23069989414605666,0.23069989414605666
pearson,lipid,hdl_ldl_ratio,liver,albumin,116,-0.11091622953364523,0.11091622953364523
pearson,lipid,hdl_ldl_ratio,liver,globulin,116,-0.17265104888702498,0.17265104888702498
pearson,lipid,hdl_ldl_ratio,liver,albumin_globulin_ratio,116,0.12553066740748256,0.12553066740748256
pearson,lipid,apo_a1,liver,alt,104,-0.33143279162994965,0.33143279162994965
pearson,lipid,apo_a1,liver,ast,104,-0.24595454954122312,0.24595454954122312
pearson,lipid,apo_a1,liver,ast_alt_ratio,104,0.3642610742662973,0.3642610742662973
pearson,lipid,apo_a1,liver,alkaline_phosphatase,104,-0.21746223075174906,0.21746223075174906
pearson,lipid,apo_a1,liver,bilirubin_total,104,0.06641643766333563,0.06641643766333563
pearson,lipid,apo_a1,liver,bilirubin_direct,104,-0.06004615446798537,0.06004615446798537
pearson,lipid,apo_a1,liver,bilirubin_indirect,104,0.09067533597004059,0.09067533597004059
pearson,lipid,apo_a1,liver,ggt,104,0.00982113511846924,0.00982113511846924
pearson,lipid,apo_a1,liver,total_protein,104,0.11438366516859838,0.11438366516859838
pearson,lipid,apo_a1,liver,albumin,104,0.2532643300460777,0.2532643300460777
pearson,lipid,apo_a1,liver,globulin,104,-0.06510695299854113,0.06510695299854113
pearson,lipid,apo_a1,liver,albumin_globulin_ratio,104,0.20597301447077762,0.20597301447077762
pearson,lipid,apo_b,liver,alt,105,0.24050835921971503,0.24050835921971503
pearson,lipid,apo_b,liver,ast,105,0.179919537511529,0.179919537511529
pearson,lipid,apo_b,liver,ast_alt_ratio,105,-0.21564857195294956,0.21564857195294956
pearson,lipid,apo_b,liver,alkaline_phosphatase,105,0.18084089526535854,0.18084089526535854
pearson,lipid,apo_b,liver,bilirubin_total,105,0.1512579453048065,0.1512579453048065
pearson,lipid,apo_b,liver,bilirubin_direct,105,-0.057438360503588866,0.057438360503588866
pearson,lipid,apo_b,liver,bilirubin_indirect,105,0.18989720512119646,0.18989720512119646
pearson,lipid,apo_b,liver,ggt,105,0.1710973224222564,0.1710973224222564
pearson,lipid,apo_b,liver,total_protein,105,0.2812018514692114,0.2812018514692114
pearson,lipid,apo_b,liver,albumin,105,0.23325856464612282,0.23325856464612282
pearson,lipid,apo_b,liver,globulin,105,0.14028050328763553,0.14028050328763553
pearson,lipid,apo_b,liver,albumin_globulin_ratio,105,-0.02418441276999119,0.02418441276999119
pearson,lipid,apo_b_apo_a1_ratio,liver,alt,105,0.3107707741391797,0.3107707741391797
pearson,lipid,apo_b_apo_a1_ratio,liver,ast,105,0.2036325613860923,0.2036325613860923
pearson,lipid,apo_b_apo_a1_ratio,liver,ast_alt_ratio,105,-0.3549746810473444,0.3549746810473444
pearson,lipid,apo_b_apo_a1_ratio,liver,alkaline_phosphatase,105,0.28040002916770124,0.28040002916770124
pearson,lipid,apo_b_apo_a1_ratio,liver,bilirubin_total,105,0.05309044751594319,0.05309044751594319
pearson,lipid,apo_b_apo_a1_ratio,liver,bilirubin_direct,105,0.00018709775708032286,0.00018709775708032286
pearson,lipid,apo_b_apo_a1_ratio,liver,bilirubin_indirect,105,0.0624138604590159,0.0624138604590159
pearson,lipid,apo_b_apo_a1_ratio,liver,ggt,105,0.11342620198185759,0.11342620198185759
pearson,lipid,apo_b_apo_a1_ratio,liver,total_protein,105,0.08219198324860404,0.08219198324860404
pearson,lipid,apo_b_apo_a1_ratio,liver,albumin,105,-0.06603845372008224,0.06603845372008224
pearson,lipid,apo_b_apo_a1_ratio,liver,globulin,105,0.1437805704735239,0.1437805704735239
pearson,lipid,apo_b_apo_a1_ratio,liver,albumin_globulin_ratio,105,-0.17905963452302195,0.17905963452302195
pearson,lipid,lipoprotein_a,liver,alt,103,-0.09474781521381721,0.09474781521381721
pearson,lipid,lipoprotein_a,liver,ast,103,-0.11757075918809343,0.11757075918809343
pearson,lipid,lipoprotein_a,liver,ast_alt_ratio,103,-0.005290872095096768,0.005290872095096768
pearson,lipid,lipoprotein_a,liver,alkaline_phosphatase,103,-0.15772505409880294,0.15772505409880294
pearson,lipid,lipoprotein_a,liver,bilirubin_total,103,-0.07497858807921688,0.07497858807921688
pearson,lipid,lipoprotein_a,liver,bilirubin_direct,103,-0.084858301746306,0.084858301746306
pearson,lipid,lipoprotein_a,liver,bilirubin_indirect,103,-0.07043825354342038,0.07043825354342038
pearson,lipid,lipoprotein_a,liver,ggt,103,-0.09045020712359804,0.09045020712359804
pearson,lipid,lipoprotein_a,liver,total_protein,103,0.10582401925996057,0.10582401925996057
pearson,lipid,lipoprotein_a,liver,albumin,103,-0.03757876523767556,0.03757876523767556
pearson,lipid,lipoprotein_a,liver,globulin,103,0.14884157062567402,0.14884157062567402
pearson,lipid,lipoprotein_a,liver,albumin_globulin_ratio,103,-0.1486443569628825,0.1486443569628825
pearson,lipid,total_cholesterol,thyroid,tsh,108,0.05531946372521174,0.05531946372521174
pearson,lipid,total_cholesterol,thyroid,t4,107,0.014820189169646426,0.014820189169646426
pearson,lipid,total_cholesterol,thyroid,t3,106,-0.053187485814883806,0.053187485814883806
pearson,lipid,hdl,thyroid,tsh,107,-0.05672929458867043,0.05672929458867043
pearson,lipid,hdl,thyroid,t4,106,0.04422143580223193,0.04422143580223193
pearson,lipid,hdl,thyroid,t3,106,-0.06658813631724736,0.06658813631724736
pearson,lipid,ldl,thyroid,tsh,108,0.07118191592701123,0.07118191592701123
pearson,lipid,ldl,thyroid,t4,107,0.0026827698379710374,0.0026827698379710374
pearson,lipid,ldl,thyroid,t3,106,-0.07090752857302618,0.07090752857302618
pearson,lipid,vldl,thyroid,tsh,108,0.06534252751887297,0.06534252751887297
pearson,lipid,vldl,thyroid,t4,107,0.023852419700327414,0.023852419700327414
pearson,lipid,vldl,thyroid,t3,106,-0.011256322769354586,0.011256322769354586
pearson,lipid,triglycerides,thyroid,tsh,107,0.08451659022550953,0.08451659022550953
pearson,lipid,triglycerides,thyroid,t4,106,0.018150020320227084,0.018150020320227084
pearson,lipid,triglycerides,thyroid,t3,105,-0.08027559927626819,0.08027559927626819
pearson,lipid,non_hdl,thyroid,tsh,108,0.06549383474824742,0.06549383474824742
pearson,lipid,non_hdl,thyroid,t4,107,-0.011543420683888549,0.011543420683888549
pearson,lipid,non_hdl,thyroid,t3,106,-0.03200647444366325,0.03200647444366325
pearson,lipid,tc_hdl_ratio,thyroid,tsh,108,0.023396557601505434,0.023396557601505434
pearson,lipid,tc_hdl_ratio,thyroid,t4,107,-0.0760446965453483,0.0760446965453483
pearson,lipid,tc_hdl_ratio,thyroid,t3,106,0.045672640783622646,0.045672640783622646
pearson,lipid,trig_hdl_ratio,thyroid,tsh,108,0.03264738170440024,0.03264738170440024
pearson,lipid,trig_hdl_ratio,thyroid,t4,107,-0.025662246315467093,0.025662246315467093
pearson,lipid,trig_hdl_ratio,thyroid,t3,106,0.05960121997823582,0.05960121997823582
pearson,lipid,ldl_hdl_ratio,thyroid,tsh,108,0.04481493656646432,0.04481493656646432
pearson,lipid,ldl_hdl_ratio,thyroid,t4,107,-0.09094516282036336,0.09094516282036336
pearson,lipid,ldl_hdl_ratio,thyroid,t3,106,-0.014007807553427424,0.014007807553427424
pearson,lipid,hdl_ldl_ratio,thyroid,tsh,108,-0.09122878540221932,0.09122878540221932
pearson,lipid,hdl_ldl_ratio,thyroid,t4,107,0.013640202837586525,0.013640202837586525
pearson,lipid,hdl_ldl_ratio,thyroid,t3,106,-0.0322139791997837,0.0322139791997837
pearson,lipid,apo_a1,thyroid,tsh,96,-0.11275647747046998,0.11275647747046998
pearson,lipid,apo_a1,thyroid,t4,95,0.10909968520471816,0.10909968520471816
pearson,lipid,apo_a1,thyroid,t3,94,-0.11720259384089148,0.11720259384089148
pearson,lipid,apo_b,thyroid,tsh,97,0.1416000430668986,0.1416000430668986
pearson,lipid,apo_b,thyroid,t4,96,0.03822500503009792,0.03822500503009792
pearson,lipid,apo_b,thyroid,t3,95,-0.012631643788537563,0.012631643788537563
pearson,lipid,apo_b_apo_a1_ratio,thyroid,tsh,97,0.11316803274163727,0.11316803274163727
pearson,lipid,apo_b_apo_a1_ratio,thyroid,t4,96,-0.0831869625809266,0.0831869625809266
pearson,lipid,apo_b_apo_a1_ratio,thyroid,t3,95,0.00506895740793587,0.00506895740793587
pearson,lipid,lipoprotein_a,thyroid,tsh,95,-0.006652000670405595,0.006652000670405595
pearson,lipid,lipoprotein_a,thyroid,t4,94,0.031669793489690755,0.031669793489690755
pearson,lipid,lipoprotein_a,thyroid,t3,93,-0.1603345467540335,0.1603345467540335
pearson,lipid,total_cholesterol,vitamins,vitamin_d,101,0.04845308458476558,0.04845308458476558
pearson,lipid,total_cholesterol,vitamins,vitamin_b12,93,-0.047863825526805535,0.047863825526805535
pearson,lipid,hdl,vitamins,vitamin_d,100,0.15250653014764234,0.15250653014764234
pearson,lipid,hdl,vitamins,vitamin_b12,93,0.048344818855226686,0.048344818855226686
pearson,lipid,ldl,vitamins,vitamin_d,101,0.0689645722657177,0.0689645722657177
pearson,lipid,ldl,vitamins,vitamin_b12,93,-0.1633079819214653,0.1633079819214653
pearson,lipid,vldl,vitamins,vitamin_d,101,-0.13195426684733805,0.13195426684733805
pearson,lipid,vldl,vitamins,vitamin_b12,93,0.0632069497351178,0.0632069497351178
pearson,lipid,triglycerides,vitamins,vitamin_d,100,-0.12170097405544492,0.12170097405544492
pearson,lipid,triglycerides,vitamins,vitamin_b12,92,0.04177155619058594,0.04177155619058594
pearson,lipid,non_hdl,vitamins,vitamin_d,101,-0.007147007966273407,0.007147007966273407
pearson,lipid,non_hdl,vitamins,vitamin_b12,93,-0.06218730184681257,0.06218730184681257
pearson,lipid,tc_hdl_ratio,vitamins,vitamin_d,101,-0.13914366081430524,0.13914366081430524
pearson,lipid,tc_hdl_ratio,vitamins,vitamin_b12,93,-0.035563233936301085,0.035563233936301085
pearson,lipid,trig_hdl_ratio,vitamins,vitamin_d,101,-0.1584547624714319,0.1584547624714319
pearson,lipid,trig_hdl_ratio,vitamins,vitamin_b12,93,0.04830680133951445,0.04830680133951445
pearson,lipid,ldl_hdl_ratio,vitamins,vitamin_d,101,-0.12139429192219063,0.12139429192219063
pearson,lipid,ldl_hdl_ratio,vitamins,vitamin_b12,93,-0.15170094534850065,0.15170094534850065
pearson,lipid,hdl_ldl_ratio,vitamins,vitamin_d,101,0.1226113939851257,0.1226113939851257
pearson,lipid,hdl_ldl_ratio,vitamins,vitamin_b12,93,0.10561207078386574,0.10561207078386574
pearson,lipid,apo_a1,vitamins,vitamin_d,100,0.22918073488474217,0.22918073488474217
pearson,lipid,apo_a1,vitamins,vitamin_b12,92,0.0686955814257064,0.0686955814257064
pearson,lipid,apo_b,vitamins,vitamin_d,101,-0.05351602157480912,0.05351602157480912
pearson,lipid,apo_b,vitamins,vitamin_b12,93,-0.05986504724638993,0.05986504724638993
pearson,lipid,apo_b_apo_a1_ratio,vitamins,vitamin_d,101,-0.15773276000591577,0.15773276000591577
pearson,lipid,apo_b_apo_a1_ratio,vitamins,vitamin_b12,93,-0.11864923789534097,0.11864923789534097
pearson,lipid,lipoprotein_a,vitamins,vitamin_d,99,0.15856452190103731,0.15856452190103731
pearson,lipid,lipoprotein_a,vitamins,vitamin_b12,91,0.05961403359808875,0.05961403359808875
pearson,lipid,total_cholesterol,inflammation,hs_crp,107,-0.09796375958875825,0.09796375958875825
pearson,lipid,hdl,inflammation,hs_crp,106,-0.13870225967651073,0.13870225967651073
pearson,lipid,ldl,inflammation,hs_crp,107,-0.06880850389323327,0.06880850389323327
pearson,lipid,vldl,inflammation,hs_crp,107,0.03797154776334508,0.03797154776334508
pearson,lipid,triglycerides,inflammation,hs_crp,106,0.054573030298685266,0.054573030298685266
pearson,lipid,non_hdl,inflammation,hs_crp,107,-0.015289329060571753,0.015289329060571753
pearson,lipid,tc_hdl_ratio,inflammation,hs_crp,107,0.32161182214496825,0.32161182214496825
pearson,lipid,trig_hdl_ratio,inflammation,hs_crp,107,0.20264085145408822,0.20264085145408822
pearson,lipid,ldl_hdl_ratio,inflammation,hs_crp,107,0.3880569712840408,0.3880569712840408
pearson,lipid,hdl_ldl_ratio,inflammation,hs_crp,107,-0.15137325888538275,0.15137325888538275
pearson,lipid,apo_a1,inflammation,hs_crp,106,-0.3544608751682255,0.3544608751682255
pearson,lipid,apo_b,inflammation,hs_crp,107,0.10446472247108443,0.10446472247108443
pearson,lipid,apo_b_apo_a1_ratio,inflammation,hs_crp,107,0.5032532952484348,0.5032532952484348
pearson,lipid,lipoprotein_a,inflammation,hs_crp,103,0.012792858555855668,0.012792858555855668
pearson,lipid,total_cholesterol,cbc,hemoglobin,116,0.24475626101503503,0.24475626101503503
pearson,lipid,total_cholesterol,cbc,wbc,116,-0.033203540289468696,0.033203540289468696
pearson,lipid,total_cholesterol,cbc,platelet_count,116,0.10098424467385061,0.10098424467385061
pearson,lipid,total_cholesterol,cbc,hematocrit,82,0.06156935041723789,0.06156935041723789
pearson,lipid,total_cholesterol,cbc,rbc,83,0.09409795629344393,0.09409795629344393
pearson,lipid,total_cholesterol,cbc,mcv,116,-0.04700287580469073,0.04700287580469073
pearson,lipid,total_cholesterol,cbc,mch,116,-0.04458637059883315,0.04458637059883315
pearson,lipid,total_cholesterol,cbc,mchc,76,-0.04603962479002798,0.04603962479002798
pearson,lipid,total_cholesterol,cbc,rdw_cv,116,-0.08323347920561225,0.08323347920561225
pearson,lipid,total_cholesterol,cbc,rdw_sd,116,-0.11732457418853719,0.11732457418853719
pearson,lipid,total_cholesterol,cbc,mpv,99,0.056855146021508395,0.056855146021508395
pearson,lipid,hdl,cbc,hemoglobin,115,-0.1827556560510294,0.1827556560510294
pearson,lipid,hdl,cbc,wbc,115,-0.2465351189876029,0.2465351189876029
pearson,lipid,hdl,cbc,platelet_count,115,-0.02501674336757214,0.02501674336757214
pearson,lipid,hdl,cbc,hematocrit,81,-0.19940402635008336,0.19940402635008336
pearson,lipid,hdl,cbc,rbc,82,-0.1879199027561214,0.1879199027561214
pearson,lipid,hdl,cbc,mcv,115,-0.019431317721893125,0.019431317721893125
pearson,lipid,hdl,cbc,mch,115,-0.11773710718136801,0.11773710718136801
pearson,lipid,hdl,cbc,mchc,75,-0.06484310305005525,0.06484310305005525
pearson,lipid,hdl,cbc,rdw_cv,115,-0.020296459306712783,0.020296459306712783
pearson,lipid,hdl,cbc,rdw_sd,115,-0.0183532395094623,0.0183532395094623
pearson,lipid,hdl,cbc,mpv,98,0.043858344686768594,0.043858344686768594
pearson,lipid,ldl,cbc,hemoglobin,116,0.2458319947013289,0.2458319947013289
pearson,lipid,ldl,cbc,wbc,116,-0.01280331644706542,0.01280331644706542
pearson,lipid,ldl,cbc,platelet_count,116,0.12030550662411552,0.12030550662411552
pearson,lipid,ldl,cbc,hematocrit,82,0.05340726421680455,0.05340726421680455
pearson,lipid,ldl,cbc,rbc,83,0.0761939973787102,0.0761939973787102
pearson,lipid,ldl,cbc,mcv,116,-0.06755436296492828,0.06755436296492828
pearson,lipid,ldl,cbc,mch,116,-0.07817561456890812,0.07817561456890812
pearson,lipid,ldl,cbc,mchc,76,-0.03871573427318031,0.03871573427318031
pearson,lipid,ldl,cbc,rdw_cv,116,-0.0015516605589945426,0.0015516605589945426
pearson,lipid,ldl,cbc,rdw_sd,116,-0.06468673483113395,0.06468673483113395
pearson,lipid,ldl,cbc,mpv,99,0.06722635513036053,0.06722635513036053
pearson,lipid,vldl,cbc,hemoglobin,116,0.1974662775019048,0.1974662775019048
pearson,lipid,vldl,cbc,wbc,116,0.17274403951219394,0.17274403951219394
pearson,lipid,vldl,cbc,platelet_count,116,0.040335317771295384,0.040335317771295384
pearson,lipid,vldl,cbc,hematocrit,82,0.19409938494473486,0.19409938494473486
pearson,lipid,vldl,cbc,rbc,83,0.12186252760846458,0.12186252760846458
pearson,lipid,vldl,cbc,mcv,116,0.0016931799808444954,0.0016931799808444954
pearson,lipid,vldl,cbc,mch,116,0.02677382470909116,0.02677382470909116
pearson,lipid,vldl,cbc,mchc,76,-0.11704220561975186,0.11704220561975186
pearson,lipid,vldl,cbc,rdw_cv,116,-0.08757352400401149,0.08757352400401149
pearson,lipid,vldl,cbc,rdw_sd,116,-0.07524374242863537,0.07524374242863537
pearson,lipid,vldl,cbc,mpv,99,0.042676305901969046,0.042676305901969046
pearson,lipid,triglycerides,cbc,hemoglobin,115,0.17878379681084663,0.17878379681084663
pearson,lipid,triglycerides,cbc,wbc,115,0.1714547744503575,0.1714547744503575
pearson,lipid,triglycerides,cbc,platelet_count,115,0.018305434139465754,0.018305434139465754
pearson,lipid,triglycerides,cbc,hematocrit,81,0.21082293136159005,0.21082293136159005
pearson,lipid,triglycerides,cbc,rbc,82,0.1043910495639441,0.1043910495639441
pearson,lipid,triglycerides,cbc,mcv,115,0.007169207079607414,0.007169207079607414
pearson,lipid,triglycerides,cbc,mch,115,-0.004576411078119102,0.004576411078119102
pearson,lipid,triglycerides,cbc,mchc,76,-0.11641994238343006,0.11641994238343006
pearson,lipid,triglycerides,cbc,rdw_cv,115,-0.0650874869458277,0.0650874869458277
pearson,lipid,triglycerides,cbc,rdw_sd,115,-0.048808325477442974,0.048808325477442974
pearson,lipid,triglycerides,cbc,mpv,98,0.0537235019888561,0.0537235019888561
pearson,lipid,non_hdl,cbc,hemoglobin,116,0.30074570251387683,0.30074570251387683
pearson,lipid,non_hdl,cbc,wbc,116,0.07080327023651337,0.07080327023651337
pearson,lipid,non_hdl,cbc,platelet_count,116,0.12527384777754794,0.12527384777754794
pearson,lipid,non_hdl,cbc,hematocrit,82,0.12050817578801716,0.12050817578801716
pearson,lipid,non_hdl,cbc,rbc,83,0.15622146712077517,0.15622146712077517
pearson,lipid,non_hdl,cbc,mcv,116,-0.04193201245166852,0.04193201245166852
pearson,lipid,non_hdl,cbc,mch,116,-0.009719219472822558,0.009719219472822558
pearson,lipid,non_hdl,cbc,mchc,76,-0.027027352083168213,0.027027352083168213
pearson,lipid,non_hdl,cbc,rdw_cv,116,-0.08063596874609714,0.08063596874609714
pearson,lipid,non_hdl,cbc,rdw_sd,116,-0.11536044764788979,0.11536044764788979
pearson,lipid,non_hdl,cbc,mpv,99,0.03953812028823802,0.03953812028823802
pearson,lipid,tc_hdl_ratio,cbc,hemoglobin,116,0.280785154973139,0.280785154973139
pearson,lipid,tc_hdl_ratio,cbc,wbc,116,0.3857408898602027,0.3857408898602027
pearson,lipid,tc_hdl_ratio,cbc,platelet_count,116,0.17770131476481021,0.17770131476481021
pearson,lipid,tc_hdl_ratio,cbc,hematocrit,82,0.15316541473459447,0.15316541473459447
pearson,lipid,tc_hdl_ratio,cbc,rbc,83,0.19772410383919997,0.19772410383919997
pearson,lipid,tc_hdl_ratio,cbc,mcv,116,-0.029633498426884963,0.029633498426884963
pearson,lipid,tc_hdl_ratio,cbc,mch,116,0.05105613799388859,0.05105613799388859
pearson,lipid,tc_hdl_ratio,cbc,mchc,76,0.04700996714478968,0.04700996714478968
pearson,lipid,tc_hdl_ratio,cbc,rdw_cv,116,-0.10298255974452206,0.10298255974452206
pearson,lipid,tc_hdl_ratio,cbc,rdw_sd,116,-0.12480228623847313,0.12480228623847313
pearson,lipid,tc_hdl_ratio,cbc,mpv,99,-0.0021051601944917816,0.0021051601944917816
pearson,lipid,trig_hdl_ratio,cbc,hemoglobin,116,0.2044018972763983,0.2044018972763983
pearson,lipid,trig_hdl_ratio,cbc,wbc,116,0.2943653122883483,0.2943653122883483
pearson,lipid,trig_hdl_ratio,cbc,platelet_count,116,0.08458120653766249,0.08458120653766249
pearson,lipid,trig_hdl_ratio,cbc,hematocrit,82,0.1748710533662471,0.1748710533662471
pearson,lipid,trig_hdl_ratio,cbc,rbc,83,0.1429046622282598,0.1429046622282598
pearson,lipid,trig_hdl_ratio,cbc,mcv,116,-0.003050097952735685,0.003050097952735685
pearson,lipid,trig_hdl_ratio,cbc,mch,116,0.06508173937366515,0.06508173937366515
pearson,lipid,trig_hdl_ratio,cbc,mchc,76,-0.027622413151500942,0.027622413151500942
pearson,lipid,trig_hdl_ratio,cbc,rdw_cv,116,-0.11253960779516389,0.11253960779516389
pearson,lipid,trig_hdl_ratio,cbc,rdw_sd,116,-0.10456231109345399,0.10456231109345399
pearson,lipid,trig_hdl_ratio,cbc,mpv,99,0.017767993409335527,0.017767993409335527
pearson,lipid,ldl_hdl_ratio,cbc,hemoglobin,116,0.30528371121610975,0.30528371121610975
pearson,lipid,ldl_hdl_ratio,cbc,wbc,116,0.4241252717690039,0.4241252717690039
pearson,lipid,ldl_hdl_ratio,cbc,platelet_count,116,0.20847740523356453,0.20847740523356453
pearson,lipid,ldl_hdl_ratio,cbc,hematocrit,82,0.15617840331522231,0.15617840331522231
pearson,lipid,ldl_hdl_ratio,cbc,rbc,83,0.20312684034471262,0.20312684034471262
pearson,lipid,ldl_hdl_ratio,cbc,mcv,116,-0.054611641868996905,0.054611641868996905
pearson,lipid,ldl_hdl_ratio,cbc,mch,116,-0.0026601962183830825,0.0026601962183830825
pearson,lipid,ldl_hdl_ratio,cbc,mchc,76,0.05202621308568091,0.05202621308568091
pearson,lipid,ldl_hdl_ratio,cbc,rdw_cv,116,-0.0563930965501684,0.0563930965501684
pearson,lipid,ldl_hdl_ratio,cbc,rdw_sd,116,-0.10575573345657023,0.10575573345657023
pearson,lipid,ldl_hdl_ratio,cbc,mpv,99,0.014403296973009112,0.014403296973009112
pearson,lipid,hdl_ldl_ratio,cbc,hemoglobin,116,-0.3061292894209551,0.3061292894209551
pearson,lipid,hdl_ldl_ratio,cbc,wbc,116,-0.23685084462425163,0.23685084462425163
pearson,lipid,hdl_ldl_ratio,cbc,platelet_count,116,-0.12145974014877353,0.12145974014877353
pearson,lipid,hdl_ldl_ratio,cbc,hematocrit,82,-0.17901212191824095,0.17901212191824095
pearson,lipid,hdl_ldl_ratio,cbc,rbc,83,-0.17896093905752383,0.17896093905752383
pearson,lipid,hdl_ldl_ratio,cbc,mcv,116,0.0561180143360448,0.0561180143360448
pearson,lipid,hdl_ldl_ratio,cbc,mch,116,0.0019879220294611306,0.0019879220294611306
pearson,lipid,hdl_ldl_ratio,cbc,mchc,76,0.025787719471734766,0.025787719471734766
pearson,lipid,hdl_ldl_ratio,cbc,rdw_cv,116,-0.024759683817385702,0.024759683817385702
pearson,lipid,hdl_ldl_ratio,cbc,rdw_sd,116,0.03677369907339204,0.03677369907339204
pearson,lipid,hdl_ldl_ratio,cbc,mpv,99,-0.04985485933642814,0.04985485933642814
pearson,lipid,apo_a1,cbc,hemoglobin,104,0.018386258416710804,0.018386258416710804
pearson,lipid,apo_a1,cbc,wbc,104,-0.3742817613249646,0.3742817613249646
pearson,lipid,apo_a1,cbc,platelet_count,104,-0.08228468761367191,0.08228468761367191
pearson,lipid,apo_a1,cbc,hematocrit,73,-0.11272743345142984,0.11272743345142984
pearson,lipid,apo_a1,cbc,rbc,74,-0.10857153793652893,0.10857153793652893
pearson,lipid,apo_a1,cbc,mcv,104,-0.025422224782007268,0.025422224782007268
pearson,lipid,apo_a1,cbc,mch,104,-0.061367829544271515,0.061367829544271515
pearson,lipid,apo_a1,cbc,mchc,67,-0.05981132766684009,0.05981132766684009
pearson,lipid,apo_a1,cbc,rdw_cv,104,-0.1358417913967447,0.1358417913967447
pearson,lipid,apo_a1,cbc,rdw_sd,104,-0.13273794466445668,0.13273794466445668
pearson,lipid,apo_a1,cbc,mpv,88,-0.02302593960938994,0.02302593960938994
pearson,lipid,apo_b,cbc,hemoglobin,105,0.25182550176510193,0.25182550176510193
pearson,lipid,apo_b,cbc,wbc,105,0.17546328205086545,0.17546328205086545
pearson,lipid,apo_b,cbc,platelet_count,105,0.12741077630581849,0.12741077630581849
pearson,lipid,apo_b,cbc,hematocrit,74,0.17127217707018202,0.17127217707018202
pearson,lipid,apo_b,cbc,rbc,75,0.16004395277226044,0.16004395277226044
pearson,lipid,apo_b,cbc,mcv,105,-0.020915531406810923,0.020915531406810923
pearson,lipid,apo_b,cbc,mch,105,-0.04437695412483046,0.04437695412483046
pearson,lipid,apo_b,cbc,mchc,68,-0.0622887746414243,0.0622887746414243
pearson,lipid,apo_b,cbc,rdw_cv,105,0.023925962123867495,0.023925962123867495
pearson,lipid,apo_b,cbc,rdw_sd,105,-0.002156366042784822,0.002156366042784822
pearson,lipid,apo_b,cbc,mpv,89,-0.006464098960914689,0.006464098960914689
pearson,lipid,apo_b_apo_a1_ratio,cbc,hemoglobin,105,0.16372174329363925,0.16372174329363925
pearson,lipid,apo_b_apo_a1_ratio,cbc,wbc,105,0.5245135253475681,0.5245135253475681
pearson,lipid,apo_b_apo_a1_ratio,cbc,platelet_count,105,0.19650326953719374,0.19650326953719374
pearson,lipid,apo_b_apo_a1_ratio,cbc,hematocrit,74,0.1459921250330879,0.1459921250330879
pearson,lipid,apo_b_apo_a1_ratio,cbc,rbc,75,0.15088055827070193,0.15088055827070193
pearson,lipid,apo_b_apo_a1_ratio,cbc,mcv,105,0.00946132455136932,0.00946132455136932
pearson,lipid,apo_b_apo_a1_ratio,cbc,mch,105,0.008491683732338919,0.008491683732338919
pearson,lipid,apo_b_apo_a1_ratio,cbc,mchc,68,0.02496391676648873,0.02496391676648873
pearson,lipid,apo_b_apo_a1_ratio,cbc,rdw_cv,105,0.04369598706599471,0.04369598706599471
pearson,lipid,apo_b_apo_a1_ratio,cbc,rdw_sd,105,0.03752772966209524,0.03752772966209524
pearson,lipid,apo_b_apo_a1_ratio,cbc,mpv,89,-0.008650264310853195,0.008650264310853195
pearson,lipid,lipoprotein_a,cbc,hemoglobin,103,-0.12863684313883542,0.12863684313883542
pearson,lipid,lipoprotein_a,cbc,wbc,103,-0.06243207439967061,0.06243207439967061
pearson,lipid,lipoprotein_a,cbc,platelet_count,103,0.21222659774085545,0.21222659774085545
pearson,lipid,lipoprotein_a,cbc,hematocrit,72,-0.13148377438925374,0.13148377438925374
pearson,lipid,lipoprotein_a,cbc,rbc,73,-0.18994647033717502,0.18994647033717502
pearson,lipid,lipoprotein_a,cbc,mcv,103,0.1485919085076822,0.1485919085076822
pearson,lipid,lipoprotein_a,cbc,mch,103,0.13893213584071032,0.13893213584071032
pearson,lipid,lipoprotein_a,cbc,mchc,67,0.1370209747575266,0.1370209747575266
pearson,lipid,lipoprotein_a,cbc,rdw_cv,103,-0.08984463982940072,0.08984463982940072
pearson,lipid,lipoprotein_a,cbc,rdw_sd,103,0.02245297356813309,0.02245297356813309
pearson,lipid,lipoprotein_a,cbc,mpv,87,-0.0631286784124368,0.0631286784124368
pearson,liver,alt,thyroid,tsh,110,-0.04055011819393173,0.04055011819393173
pearson,liver,alt,thyroid,t4,108,0.20805178460788346,0.20805178460788346
pearson,liver,alt,thyroid,t3,107,0.32630686218192095,0.32630686218192095
pearson,liver,ast,thyroid,tsh,110,-0.03608103107304236,0.03608103107304236
pearson,liver,ast,thyroid,t4,108,0.1524413092874957,0.1524413092874957
pearson,liver,ast,thyroid,t3,107,0.3015468683387367,0.3015468683387367
pearson,liver,ast_alt_ratio,thyroid,tsh,110,-0.03888478330346555,0.03888478330346555
pearson,liver,ast_alt_ratio,thyroid,t4,108,-0.1298681368801829,0.1298681368801829
pearson,liver,ast_alt_ratio,thyroid,t3,107,-0.15570946123511595,0.15570946123511595
pearson,liver,alkaline_phosphatase,thyroid,tsh,109,-0.10845444858429282,0.10845444858429282
pearson,liver,alkaline_phosphatase,thyroid,t4,107,0.060023719945274494,0.060023719945274494
pearson,liver,alkaline_phosphatase,thyroid,t3,106,0.25640760380473715,0.25640760380473715
pearson,liver,bilirubin_total,thyroid,tsh,109,-0.0602624671375285,0.0602624671375285
pearson,liver,bilirubin_total,thyroid,t4,107,0.003958044372427146,0.003958044372427146
pearson,liver,bilirubin_total,thyroid,t3,106,0.13688059299767913,0.13688059299767913
pearson,liver,bilirubin_direct,thyroid,tsh,109,-0.06516695185637526,0.06516695185637526
pearson,liver,bilirubin_direct,thyroid,t4,107,-0.09484630021643226,0.09484630021643226
pearson,liver,bilirubin_direct,thyroid,t3,106,0.10588199950223111,0.10588199950223111
pearson,liver,bilirubin_indirect,thyroid,tsh,109,-0.057118412316513746,0.057118412316513746
pearson,liver,bilirubin_indirect,thyroid,t4,107,0.024621338736230226,0.024621338736230226
pearson,liver,bilirubin_indirect,thyroid,t3,106,0.13895360464704326,0.13895360464704326
pearson,liver,ggt,thyroid,tsh,109,-0.06082257010221172,0.06082257010221172
pearson,liver,ggt,thyroid,t4,107,0.09489326442020171,0.09489326442020171
pearson,liver,ggt,thyroid,t3,106,-0.013138692399108332,0.013138692399108332
pearson,liver,total_protein,thyroid,tsh,109,0.03308580904897605,0.03308580904897605
pearson,liver,total_protein,thyroid,t4,107,0.2784600681937625,0.2784600681937625
pearson,liver,total_protein,thyroid,t3,106,0.07268039910066658,0.07268039910066658
pearson,liver,albumin,thyroid,tsh,109,0.11345068206930603,0.11345068206930603
pearson,liver,albumin,thyroid,t4,107,0.3254469304901179,0.3254469304901179
pearson,liver,albumin,thyroid,t3,106,0.12572953384058255,0.12572953384058255
pearson,liver,globulin,thyroid,tsh,109,-0.047137443995744856,0.047137443995744856
pearson,liver,globulin,thyroid,t4,107,0.0646630820450269,0.0646630820450269
pearson,liver,globulin,thyroid,t3,106,-0.005102908288719355,0.005102908288719355
pearson,liver,albumin_globulin_ratio,thyroid,tsh,109,0.07223667667067948,0.07223667667067948
pearson,liver,albumin_globulin_ratio,thyroid,t4,107,0.06982237760952105,0.06982237760952105
pearson,liver,albumin_globulin_ratio,thyroid,t3,106,-0.018150791092426316,0.018150791092426316
pearson,liver,alt,vitamins,vitamin_d,101,-0.2902212449643055,0.2902212449643055
pearson,liver,alt,vitamins,vitamin_b12,93,-0.07370596789724858,0.07370596789724858
pearson,liver,ast,vitamins,vitamin_d,101,-0.28615867395103034,0.28615867395103034
pearson,liver,ast,vitamins,vitamin_b12,93,-0.07451964570938344,0.07451964570938344
pearson,liver,ast_alt_ratio,vitamins,vitamin_d,101,0.22696743969229724,0.22696743969229724
pearson,liver,ast_alt_ratio,vitamins,vitamin_b12,93,-0.02445301396646447,0.02445301396646447
pearson,liver,alkaline_phosphatase,vitamins,vitamin_d,101,-0.30352223985733445,0.30352223985733445
pearson,liver,alkaline_phosphatase,vitamins,vitamin_b12,93,-0.0011135733782371567,0.0011135733782371567
pearson,liver,bilirubin_total,vitamins,vitamin_d,101,-0.06494073399648467,0.06494073399648467
pearson,liver,bilirubin_total,vitamins,vitamin_b12,93,-0.16319396355471388,0.16319396355471388
pearson,liver,bilirubin_direct,vitamins,vitamin_d,101,-0.07397811401700054,0.07397811401700054
pearson,liver,bilirubin_direct,vitamins,vitamin_b12,93,-0.16614554612378726,0.16614554612378726
pearson,liver,bilirubin_indirect,vitamins,vitamin_d,101,-0.061032237440625484,0.061032237440625484
pearson,liver,bilirubin_indirect,vitamins,vitamin_b12,93,-0.15792401926258562,0.15792401926258562
pearson,liver,ggt,vitamins,vitamin_d,101,-0.17301493258490805,0.17301493258490805
pearson,liver,ggt,vitamins,vitamin_b12,93,0.10793979101710638,0.10793979101710638
pearson,liver,total_protein,vitamins,vitamin_d,101,0.00046430308543276086,0.00046430308543276086
pearson,liver,total_protein,vitamins,vitamin_b12,93,0.21381311210974896,0.21381311210974896
pearson,liver,albumin,vitamins,vitamin_d,101,0.15495037402117456,0.15495037402117456
pearson,liver,albumin,vitamins,vitamin_b12,93,0.031761612915907345,0.031761612915907345
pearson,liver,globulin,vitamins,vitamin_d,101,-0.11856775188947125,0.11856775188947125
pearson,liver,globulin,vitamins,vitamin_b12,93,0.2157745943242314,0.2157745943242314
pearson,liver,albumin_globulin_ratio,vitamins,vitamin_d,101,0.1753892044692919,0.1753892044692919
pearson,liver,albumin_globulin_ratio,vitamins,vitamin_b12,93,-0.112295923121325,0.112295923121325
pearson,liver,alt,inflammation,hs_crp,106,-0.04508331944384479,0.04508331944384479
pearson,liver,ast,inflammation,hs_crp,106,-0.06792351272179521,0.06792351272179521
pearson,liver,ast_alt_ratio,inflammation,hs_crp,106,-0.06757490530653745,0.06757490530653745
pearson,liver,alkaline_phosphatase,inflammation,hs_crp,105,0.32220058461331613,0.32220058461331613
pearson,liver,bilirubin_total,inflammation,hs_crp,105,-0.06307156697357494,0.06307156697357494
pearson,liver,bilirubin_direct,inflammation,hs_crp,105,0.09406830997506158,0.09406830997506158
pearson,liver,bilirubin_indirect,inflammation,hs_crp,105,-0.09378989371772253,0.09378989371772253
pearson,liver,ggt,inflammation,hs_crp,105,0.06331027165339788,0.06331027165339788
pearson,liver,total_protein,inflammation,hs_crp,105,-0.19152733570179714,0.19152733570179714
pearson,liver,albumin,inflammation,hs_crp,105,-0.5572610001317198,0.5572610001317198
pearson,liver,globulin,inflammation,hs_crp,105,0.20952439919699933,0.20952439919699933
pearson,liver,albumin_globulin_ratio,inflammation,hs_crp,105,-0.4047706880413753,0.4047706880413753
pearson,liver,alt,cbc,hemoglobin,121,0.34717767296162844,0.34717767296162844
pearson,liver,alt,cbc,wbc,121,0.0655234703278053,0.0655234703278053
pearson,liver,alt,cbc,platelet_count,121,0.010294846744397316,0.010294846744397316
pearson,liver,alt,cbc,hematocrit,87,0.2492058585352774,0.2492058585352774
pearson,liver,alt,cbc,rbc,87,0.1730274588572039,0.1730274588572039
pearson,liver,alt,cbc,mcv,121,0.04739119604613337,0.04739119604613337
pearson,liver,alt,cbc,mch,121,0.16460100425080948,0.16460100425080948
pearson,liver,alt,cbc,mchc,78,0.19507514075652335,0.19507514075652335
pearson,liver,alt,cbc,rdw_cv,121,-0.12305441280331038,0.12305441280331038
pearson,liver,alt,cbc,rdw_sd,121,-0.07817747915580707,0.07817747915580707
pearson,liver,alt,cbc,mpv,103,0.10795284691443602,0.10795284691443602
pearson,liver,ast,cbc,hemoglobin,121,0.26299901643953355,0.26299901643953355
pearson,liver,ast,cbc,wbc,121,-0.042939958084017696,0.042939958084017696
pearson,liver,ast,cbc,platelet_count,121,-0.09707222230218196,0.09707222230218196
pearson,liver,ast,cbc,hematocrit,87,0.2041511789627294,0.2041511789627294
pearson,liver,ast,cbc,rbc,87,0.17078864126694426,0.17078864126694426
pearson,liver,ast,cbc,mcv,121,0.12125608077054902,0.12125608077054902
pearson,liver,ast,cbc,mch,121,0.19552967127864393,0.19552967127864393
pearson,liver,ast,cbc,mchc,78,0.100125491626717,0.100125491626717
pearson,liver,ast,cbc,rdw_cv,121,-0.006874032768357881,0.006874032768357881
pearson,liver,ast,cbc,rdw_sd,121,0.07782759982561949,0.07782759982561949
pearson,liver,ast,cbc,mpv,103,0.029364727920654185,0.029364727920654185
pearson,liver,ast_alt_ratio,cbc,hemoglobin,121,-0.293445202571625,0.293445202571625
pearson,liver,ast_alt_ratio,cbc,wbc,121,-0.20107316257968738,0.20107316257968738
pearson,liver,ast_alt_ratio,cbc,platelet_count,121,-0.005025974848676596,0.005025974848676596
pearson,liver,ast_alt_ratio,cbc,hematocrit,87,-0.17365905486504557,0.17365905486504557
pearson,liver,ast_alt_ratio,cbc,rbc,87,-0.12774147215598416,0.12774147215598416
pearson,liver,ast_alt_ratio,cbc,mcv,121,-0.1516780512273243,0.1516780512273243
pearson,liver,ast_alt_ratio,cbc,mch,121,-0.22939296731104739,0.22939296731104739
pearson,liver,ast_alt_ratio,cbc,mchc,78,-0.1403699058371662,0.1403699058371662
pearson,liver,ast_alt_ratio,cbc,rdw_cv,121,0.2709648737135669,0.2709648737135669
pearson,liver,ast_alt_ratio,cbc,rdw_sd,121,0.12664461781916886,0.12664461781916886
pearson,liver,ast_alt_ratio,cbc,mpv,103,-0.277433782141675,0.277433782141675
pearson,liver,alkaline_phosphatase,cbc,hemoglobin,117,0.00910892218062091,0.00910892218062091
pearson,liver,alkaline_phosphatase,cbc,wbc,117,0.30374610802780666,0.30374610802780666
pearson,liver,alkaline_phosphatase,cbc,platelet_count,117,-0.01023389024652676,0.01023389024652676
pearson,liver,alkaline_phosphatase,cbc,hematocrit,83,0.04036460858788898,0.04036460858788898
pearson,liver,alkaline_phosphatase,cbc,rbc,83,-0.004605463952907759,0.004605463952907759
pearson,liver,alkaline_phosphatase,cbc,mcv,117,-0.010122233673508925,0.010122233673508925
pearson,liver,alkaline_phosphatase,cbc,mch,117,-0.09729589759316873,0.09729589759316873
pearson,liver,alkaline_phosphatase,cbc,mchc,77,-0.15286323966616194,0.15286323966616194
pearson,liver,alkaline_phosphatase,cbc,rdw_cv,117,0.2931589897287577,0.2931589897287577
pearson,liver,alkaline_phosphatase,cbc,rdw_sd,117,0.26048628843564,0.26048628843564
pearson,liver,alkaline_phosphatase,cbc,mpv,100,-0.014910757924357925,0.014910757924357925
pearson,liver,bilirubin_total,cbc,hemoglobin,117,0.3969948133143815,0.3969948133143815
pearson,liver,bilirubin_total,cbc,wbc,117,-0.05492161045913536,0.05492161045913536
pearson,liver,bilirubin_total,cbc,platelet_count,117,-0.20266509937396826,0.20266509937396826
pearson,liver,bilirubin_total,cbc,hematocrit,83,0.1497045385975879,0.1497045385975879
pearson,liver,bilirubin_total,cbc,rbc,83,0.22609995746420739,0.22609995746420739
pearson,liver,bilirubin_total,cbc,mcv,117,0.3028141081060826,0.3028141081060826
pearson,liver,bilirubin_total,cbc,mch,117,0.35342122704612755,0.35342122704612755
pearson,liver,bilirubin_total,cbc,mchc,77,0.05595250876651418,0.05595250876651418
pearson,liver,bilirubin_total,cbc,rdw_cv,117,-0.1701069488741339,0.1701069488741339
pearson,liver,bilirubin_total,cbc,rdw_sd,117,0.026426630515806404,0.026426630515806404
pearson,liver,bilirubin_total,cbc,mpv,100,-0.004168953204020406,0.004168953204020406
pearson,liver,bilirubin_direct,cbc,hemoglobin,117,0.2732119770114183,0.2732119770114183
pearson,liver,bilirubin_direct,cbc,wbc,117,-0.007073944580294835,0.007073944580294835
pearson,liver,bilirubin_direct,cbc,platelet_count,117,-0.21194906069538502,0.21194906069538502
pearson,liver,bilirubin_direct,cbc,hematocrit,83,0.049825385728723956,0.049825385728723956
pearson,liver,bilirubin_direct,cbc,rbc,83,0.16964878470944905,0.16964878470944905
pearson,liver,bilirubin_direct,cbc,mcv,117,0.33684469289378854,0.33684469289378854
pearson,liver,bilirubin_direct,cbc,mch,117,0.34959723235023293,0.34959723235023293
pearson,liver,bilirubin_direct,cbc,mchc,77,0.0905691193239029,0.0905691193239029
pearson,liver,bilirubin_direct,cbc,rdw_cv,117,-0.0646192395884867,0.0646192395884867
pearson,liver,bilirubin_direct,cbc,rdw_sd,117,0.15187844762933872,0.15187844762933872
pearson,liver,bilirubin_direct,cbc,mpv,100,-0.06077213724507721,0.06077213724507721
pearson,liver,bilirubin_indirect,cbc,hemoglobin,117,0.4100117833215103,0.4100117833215103
pearson,liver,bilirubin_indirect,cbc,wbc,117,-0.06318414834383289,0.06318414834383289
pearson,liver,bilirubin_indirect,cbc,platelet_count,117,-0.1940672352653697,0.1940672352653697
pearson,liver,bilirubin_indirect,cbc,hematocrit,83,0.16409442362993903,0.16409442362993903
pearson,liver,bilirubin_indirect,cbc,rbc,83,0.22532523923158515,0.22532523923158515
pearson,liver,bilirubin_indirect,cbc,mcv,117,0.2857276862482179,0.2857276862482179
pearson,liver,bilirubin_indirect,cbc,mch,117,0.3426370540810368,0.3426370540810368
pearson,liver,bilirubin_indirect,cbc,mchc,77,0.04280985045150171,0.04280985045150171
pearson,liver,bilirubin_indirect,cbc,rdw_cv,117,-0.1867155631163145,0.1867155631163145
pearson,liver,bilirubin_indirect,cbc,rdw_sd,117,-0.0008250610340256323,0.0008250610340256323
pearson,liver,bilirubin_indirect,cbc,mpv,100,0.008714693118680592,0.008714693118680592
pearson,liver,ggt,cbc,hemoglobin,117,0.23317348362580254,0.23317348362580254
pearson,liver,ggt,cbc,wbc,117,0.028530371791934378,0.028530371791934378
pearson,liver,ggt,cbc,platelet_count,117,-0.0716482430587328,0.0716482430587328
pearson,liver,ggt,cbc,hematocrit,83,0.19081086993874333,0.19081086993874333
pearson,liver,ggt,cbc,rbc,83,0.2781993837457085,0.2781993837457085
pearson,liver,ggt,cbc,mcv,117,0.14357815156338527,0.14357815156338527
pearson,liver,ggt,cbc,mch,117,0.13760651117137018,0.13760651117137018
pearson,liver,ggt,cbc,mchc,77,0.029760700415698015,0.029760700415698015
pearson,liver,ggt,cbc,rdw_cv,117,-0.07066544582403962,0.07066544582403962
pearson,liver,ggt,cbc,rdw_sd,117,0.04805463899556204,0.04805463899556204
pearson,liver,ggt,cbc,mpv,100,-0.1277723005181898,0.1277723005181898
pearson,liver,total_protein,cbc,hemoglobin,117,0.27666669455561177,0.27666669455561177
pearson,liver,total_protein,cbc,wbc,117,-0.10561838373411227,0.10561838373411227
pearson,liver,total_protein,cbc,platelet_count,117,-0.0015494928170222892,0.0015494928170222892
pearson,liver,total_protein,cbc,hematocrit,83,0.3518666384534031,0.3518666384534031
pearson,liver,total_protein,cbc,rbc,83,0.2795345103574264,0.2795345103574264
pearson,liver,total_protein,cbc,mcv,117,0.050809238680637504,0.050809238680637504
pearson,liver,total_protein,cbc,mch,117,0.013964432318039163,0.013964432318039163
pearson,liver,total_protein,cbc,mchc,77,-0.09834625822943632,0.09834625822943632
pearson,liver,total_protein,cbc,rdw_cv,117,0.046298959175472484,0.046298959175472484
pearson,liver,total_protein,cbc,rdw_sd,117,0.0684722084806376,0.0684722084806376
pearson,liver,total_protein,cbc,mpv,100,0.07563748429313309,0.07563748429313309
pearson,liver,albumin,cbc,hemoglobin,117,0.3159959183727926,0.3159959183727926
pearson,liver,albumin,cbc,wbc,117,-0.3203827517430898,0.3203827517430898
pearson,liver,albumin,cbc,platelet_count,117,-0.11238390746438756,0.11238390746438756
pearson,liver,albumin,cbc,hematocrit,83,0.2896872799489816,0.2896872799489816
pearson,liver,albumin,cbc,rbc,83,0.22696330103122309,0.22696330103122309
pearson,liver,albumin,cbc,mcv,117,-0.01059382013064752,0.01059382013064752
pearson,liver,albumin,cbc,mch,117,0.091353630472928,0.091353630472928
pearson,liver,albumin,cbc,mchc,77,0.16944510208805288,0.16944510208805288
pearson,liver,albumin,cbc,rdw_cv,117,-0.15920414075018557,0.15920414075018557
pearson,liver,albumin,cbc,rdw_sd,117,-0.1479729452918374,0.1479729452918374
pearson,liver,albumin,cbc,mpv,100,0.2513932589897312,0.2513932589897312
pearson,liver,globulin,cbc,hemoglobin,117,0.0737446682661094,0.0737446682661094
pearson,liver,globulin,cbc,wbc,117,0.11708632963070213,0.11708632963070213
pearson,liver,globulin,cbc,platelet_count,117,0.08001461056798083,0.08001461056798083
pearson,liver,globulin,cbc,hematocrit,83,0.157935139582244,0.157935139582244
pearson,liver,globulin,cbc,rbc,83,0.1622534077542494,0.1622534077542494
pearson,liver,globulin,cbc,mcv,117,0.06344090419911563,0.06344090419911563
pearson,liver,globulin,cbc,mch,117,-0.05110419646843786,0.05110419646843786
pearson,liver,globulin,cbc,mchc,77,-0.21788786202882235,0.21788786202882235
pearson,liver,globulin,cbc,rdw_cv,117,0.16654775859271778,0.16654775859271778
pearson,liver,globulin,cbc,rdw_sd,117,0.18270577574216523,0.18270577574216523
pearson,liver,globulin,cbc,mpv,100,-0.10867367015234285,0.10867367015234285
pearson,liver,albumin_globulin_ratio,cbc,hemoglobin,117,0.06940578078443721,0.06940578078443721
pearson,liver,albumin_globulin_ratio,cbc,wbc,117,-0.2648805464350912,0.2648805464350912
pearson,liver,albumin_globulin_ratio,cbc,platelet_count,117,-0.1444043134438007,0.1444043134438007
pearson,liver,albumin_globulin_ratio,cbc,hematocrit,83,0.019642416845132613,0.019642416845132613
pearson,liver,albumin_globulin_ratio,cbc,rbc,83,-0.01913252289237143,0.01913252289237143
pearson,liver,albumin_globulin_ratio,cbc,mcv,117,-0.032891427231173984,0.032891427231173984
pearson,liver,albumin_globulin_ratio,cbc,mch,117,0.0881365799384136,0.0881365799384136
pearson,liver,albumin_globulin_ratio,cbc,mchc,77,0.2568934665563325,0.2568934665563325
pearson,liver,albumin_globulin_ratio,cbc,rdw_cv,117,-0.20107424864171794,0.20107424864171794
pearson,liver,albumin_globulin_ratio,cbc,rdw_sd,117,-0.1912727413349288,0.1912727413349288
pearson,liver,albumin_globulin_ratio,cbc,mpv,100,0.18619964967420352,0.18619964967420352
pearson,thyroid,tsh,vitamins,vitamin_d,98,-0.047925019989682814,0.047925019989682814
pearson,thyroid,tsh,vitamins,vitamin_b12,90,-0.2267522455298348,0.2267522455298348
pearson,thyroid,t4,vitamins,vitamin_d,97,-0.027300474695908055,0.027300474695908055
pearson,thyroid,t4,vitamins,vitamin_b12,90,-0.01506472212038915,0.01506472212038915
pearson,thyroid,t3,vitamins,vitamin_d,96,-0.23397834505234913,0.23397834505234913
pearson,thyroid,t3,vitamins,vitamin_b12,90,0.030531308225502127,0.030531308225502127
pearson,thyroid,tsh,inflammation,hs_crp,97,-0.11490577939560967,0.11490577939560967
pearson,thyroid,t4,inflammation,hs_crp,96,-0.20202175430984823,0.20202175430984823
pearson,thyroid,t3,inflammation,hs_crp,95,-0.11176274718753983,0.11176274718753983
pearson,thyroid,tsh,cbc,hemoglobin,110,-0.09504575195609628,0.09504575195609628
pearson,thyroid,tsh,cbc,wbc,110,-0.04686082937914814,0.04686082937914814
pearson,thyroid,tsh,cbc,platelet_count,110,-0.037358069310893235,0.037358069310893235
pearson,thyroid,tsh,cbc,hematocrit,78,-0.13508949887815275,0.13508949887815275
pearson,thyroid,tsh,cbc,rbc,78,-0.18663488802154313,0.18663488802154313
pearson,thyroid,tsh,cbc,mcv,110,0.08749627672775667,0.08749627672775667
pearson,thyroid,tsh,cbc,mch,110,0.005768411052628654,0.005768411052628654
pearson,thyroid,tsh,cbc,mchc,73,-0.14814625089984712,0.14814625089984712
pearson,thyroid,tsh,cbc,rdw_cv,110,0.11109423669084006,0.11109423669084006
pearson,thyroid,tsh,cbc,rdw_sd,110,0.14380062043737885,0.14380062043737885
pearson,thyroid,tsh,cbc,mpv,96,0.09454667271051755,0.09454667271051755
pearson,thyroid,t4,cbc,hemoglobin,108,0.1173569323212098,0.1173569323212098
pearson,thyroid,t4,cbc,wbc,108,-0.03630337224313309,0.03630337224313309
pearson,thyroid,t4,cbc,platelet_count,108,-0.006657641849480014,0.006657641849480014
pearson,thyroid,t4,cbc,hematocrit,76,-0.004811378185916056,0.004811378185916056
pearson,thyroid,t4,cbc,rbc,77,0.025867280245005862,0.025867280245005862
pearson,thyroid,t4,cbc,mcv,108,0.0700495836918603,0.0700495836918603
pearson,thyroid,t4,cbc,mch,108,0.09567449037410106,0.09567449037410106
pearson,thyroid,t4,cbc,mchc,72,0.07493234016868015,0.07493234016868015
pearson,thyroid,t4,cbc,rdw_cv,108,-0.2035275531411551,0.2035275531411551
pearson,thyroid,t4,cbc,rdw_sd,108,-0.12445535642726202,0.12445535642726202
pearson,thyroid,t4,cbc,mpv,94,0.2600669534334192,0.2600669534334192
pearson,thyroid,t3,cbc,hemoglobin,107,0.25252529204702245,0.25252529204702245
pearson,thyroid,t3,cbc,wbc,107,0.10433104058605051,0.10433104058605051
pearson,thyroid,t3,cbc,platelet_count,107,-0.02498472147223831,0.02498472147223831
pearson,thyroid,t3,cbc,hematocrit,75,0.15311511251525334,0.15311511251525334
pearson,thyroid,t3,cbc,rbc,76,0.2392804112036117,0.2392804112036117
pearson,thyroid,t3,cbc,mcv,107,0.08775714013120538,0.08775714013120538
pearson,thyroid,t3,cbc,mch,107,0.15503738414909818,0.15503738414909818
pearson,thyroid,t3,cbc,mchc,71,0.05690610220890399,0.05690610220890399
pearson,thyroid,t3,cbc,rdw_cv,107,-0.09630227392292601,0.09630227392292601
pearson,thyroid,t3,cbc,rdw_sd,107,-0.025527485317027476,0.025527485317027476
pearson,thyroid,t3,cbc,mpv,93,0.17430325399685126,0.17430325399685126
pearson,vitamins,vitamin_d,inflammation,hs_crp,101,-0.14895729214130563,0.14895729214130563
pearson,vitamins,vitamin_b12,inflammation,hs_crp,93,0.21189941391084788,0.21189941391084788
pearson,vitamins,vitamin_d,cbc,hemoglobin,102,-0.06153042353298252,0.06153042353298252
pearson,vitamins,vitamin_d,cbc,wbc,102,-0.19613470714634093,0.19613470714634093
pearson,vitamins,vitamin_d,cbc,platelet_count,102,-0.0031148829709460517,0.0031148829709460517
pearson,vitamins,vitamin_d,cbc,hematocrit,71,-0.007283618906929108,0.007283618906929108
pearson,vitamins,vitamin_d,cbc,rbc,73,0.02081755640683062,0.02081755640683062
pearson,vitamins,vitamin_d,cbc,mcv,102,-0.0014319226946870331,0.0014319226946870331
pearson,vitamins,vitamin_d,cbc,mch,102,0.010184243018294277,0.010184243018294277
pearson,vitamins,vitamin_d,cbc,mchc,65,0.15701959648215993,0.15701959648215993
pearson,vitamins,vitamin_d,cbc,rdw_cv,102,-0.08045400255651272,0.08045400255651272
pearson,vitamins,vitamin_d,cbc,rdw_sd,102,-0.08151114892465237,0.08151114892465237
pearson,vitamins,vitamin_d,cbc,mpv,87,0.05430853984925753,0.05430853984925753
pearson,vitamins,vitamin_b12,cbc,hemoglobin,94,-0.19463771553997822,0.19463771553997822
pearson,vitamins,vitamin_b12,cbc,wbc,94,0.11947540806160376,0.11947540806160376
pearson,vitamins,vitamin_b12,cbc,platelet_count,94,0.023359268005687057,0.023359268005687057
pearson,vitamins,vitamin_b12,cbc,hematocrit,65,-0.06444614307974339,0.06444614307974339
pearson,vitamins,vitamin_b12,cbc,rbc,66,-0.10641520611450797,0.10641520611450797
pearson,vitamins,vitamin_b12,cbc,mcv,94,-0.06914937189379115,0.06914937189379115
pearson,vitamins,vitamin_b12,cbc,mch,94,-0.16521304254067293,0.16521304254067293
pearson,vitamins,vitamin_b12,cbc,mchc,60,-0.14810690453564648,0.14810690453564648
pearson,vitamins,vitamin_b12,cbc,rdw_cv,94,0.0952158361622741,0.0952158361622741
pearson,vitamins,vitamin_b12,cbc,rdw_sd,94,0.03795100532831186,0.03795100532831186
pearson,vitamins,vitamin_b12,cbc,mpv,81,0.1040493968213505,0.1040493968213505
pearson,inflammation,hs_crp,cbc,hemoglobin,105,-0.11303676533535512,0.11303676533535512
pearson,inflammation,hs_crp,cbc,wbc,105,0.8131497049928625,0.8131497049928625
pearson,inflammation,hs_crp,cbc,platelet_count,105,0.25442096345826587,0.25442096345826587
pearson,inflammation,hs_crp,cbc,hematocrit,74,-0.0962254656870817,0.0962254656870817
pearson,inflammation,hs_crp,cbc,rbc,75,-0.037743176377145596,0.037743176377145596
pearson,inflammation,hs_crp,cbc,mcv,105,0.014637529759970166,0.014637529759970166
pearson,inflammation,hs_crp,cbc,mch,105,-0.0529091145611009,0.0529091145611009
pearson,inflammation,hs_crp,cbc,mchc,68,-0.0654318501759974,0.0654318501759974
pearson,inflammation,hs_crp,cbc,rdw_cv,105,-0.0007695979028446293,0.0007695979028446293
pearson,inflammation,hs_crp,cbc,rdw_sd,105,0.013925863687474654,0.013925863687474654
pearson,inflammation,hs_crp,cbc,mpv,89,-0.05963105488324481,0.05963105488324481
spearman,glycemic,hba1c,renal,creatinine,116,-0.0893605567925233,0.0893605567925233
spearman,glycemic,hba1c,renal,egfr,116,-0.04090991598535315,0.04090991598535315
spearman,glycemic,hba1c,renal,bun,117,0.14671732473330248,0.14671732473330248
spearman,glycemic,hba1c,renal,urea,117,0.14671732473330248,0.14671732473330248
spearman,glycemic,hba1c,renal,uric_acid,117,-0.008077000012812564,0.008077000012812564
spearman,glycemic,hba1c,renal,calcium,117,0.05277282967295986,0.05277282967295986
spearman,glycemic,hba1c,renal,bun_creatinine_ratio,115,0.27830152135678904,0.27830152135678904
spearman,glycemic,hba1c,renal,urea_creatinine_ratio,117,0.26747911976813,0.26747911976813
spearman,glycemic,hba1c,renal,urine_creatinine,50,-0.018543875487038407,0.018543875487038407
spearman,glycemic,hba1c,renal,urinary_microalbumin,50,-0.02109005528189083,0.02109005528189083
spearman,glycemic,hba1c,renal,uacr,50,-0.03338858410231009,0.03338858410231009
spearman,glycemic,abg,renal,creatinine,116,-0.0893605567925233,0.0893605567925233
spearman,glycemic,abg,renal,egfr,116,-0.04090991598535315,0.04090991598535315
spearman,glycemic,abg,renal,bun,117,0.14671732473330248,0.14671732473330248
spearman,glycemic,abg,renal,urea,117,0.14671732473330248,0.14671732473330248
spearman,glycemic,abg,renal,uric_acid,117,-0.008077000012812564,0.008077000012812564
spearman,glycemic,abg,renal,calcium,117,0.05277282967295986,0.05277282967295986
spearman,glycemic,abg,renal,bun_creatinine_ratio,115,0.27830152135678904,0.27830152135678904
spearman,glycemic,abg,renal,urea_creatinine_ratio,117,0.26747911976813,0.26747911976813
spearman,glycemic,abg,renal,urine_creatinine,50,-0.018543875487038407,0.018543875487038407
spearman,glycemic,abg,renal,urinary_microalbumin,50,-0.02109005528189083,0.02109005528189083
spearman,glycemic,abg,renal,uacr,50,-0.03338858410231009,0.03338858410231009
spearman,glycemic,c_peptide,renal,creatinine,49,0.13548982396625642,0.13548982396625642
spearman,glycemic,c_peptide,renal,egfr,49,-0.1396367481129386,0.1396367481129386
spearman,glycemic,c_peptide,renal,bun,50,0.1206445261256047,0.1206445261256047
spearman,glycemic,c_peptide,renal,urea,50,0.1206445261256047,0.1206445261256047
spearman,glycemic,c_peptide,renal,uric_acid,50,0.4469071179873023,0.4469071179873023
spearman,glycemic,c_peptide,renal,calcium,50,0.14805475521400527,0.14805475521400527
spearman,glycemic,c_peptide,renal,bun_creatinine_ratio,50,-0.06382518926393821,0.06382518926393821
spearman,glycemic,c_peptide,renal,urea_creatinine_ratio,50,-0.06382518926393821,0.06382518926393821
spearman,glycemic,c_peptide,renal,urine_creatinine,50,0.22882800741290116,0.22882800741290116
spearman,glycemic,c_peptide,renal,urinary_microalbumin,50,-0.10771484168460384,0.10771484168460384
spearman,glycemic,c_peptide,renal,uacr,49,-0.22262475791814382,0.22262475791814382
spearman,glycemic,hba1c,lipid,total_cholesterol,116,0.06651206170609997,0.06651206170609997
spearman,glycemic,hba1c,lipid,hdl,115,-0.23456316516072048,0.23456316516072048
spearman,glycemic,hba1c,lipid,ldl,116,0.0953129165842061,0.0953129165842061
spearman,glycemic,hba1c,lipid,vldl,117,0.405055157430846,0.405055157430846
spearman,glycemic,hba1c,lipid,triglycerides,116,0.4183832201165575,0.4183832201165575
spearman,glycemic,hba1c,lipid,non_hdl,116,0.16093634814718408,0.16093634814718408
spearman,glycemic,hba1c,lipid,tc_hdl_ratio,116,0.2551571849823866,0.2551571849823866
spearman,glycemic,hba1c,lipid,trig_hdl_ratio,116,0.43187436455557926,0.43187436455557926
spearman,glycemic,hba1c,lipid,ldl_hdl_ratio,116,0.2286430700362147,0.2286430700362147
spearman,glycemic,hba1c,lipid,hdl_ldl_ratio,116,-0.22292763564270493,0.22292763564270493
spearman,glycemic,hba1c,lipid,apo_a1,104,-0.10897172449830687,0.10897172449830687
spearman,glycemic,hba1c,lipid,apo_b,105,0.2975561345245331,0.2975561345245331
spearman,glycemic,hba1c,lipid,apo_b_apo_a1_ratio,105,0.25532741415275306,0.25532741415275306
spearman,glycemic,hba1c,lipid,lipoprotein_a,103,0.15169702031089577,0.15169702031089577
spearman,glycemic,abg,lipid,total_cholesterol,116,0.06651206170609997,0.06651206170609997
spearman,glycemic,abg,lipid,hdl,115,-0.23456316516072048,0.23456316516072048
spearman,glycemic,abg,lipid,ldl,116,0.0953129165842061,0.0953129165842061
spearman,glycemic,abg,lipid,vldl,117,0.405055157430846,0.405055157430846
spearman,glycemic,abg,lipid,triglycerides,116,0.4183832201165575,0.4183832201165575
spearman,glycemic,abg,lipid,non_hdl,116,0.16093634814718408,0.16093634814718408
spearman,glycemic,abg,lipid,tc_hdl_ratio,116,0.2551571849823866,0.2551571849823866
spearman,glycemic,abg,lipid,trig_hdl_ratio,116,0.43187436455557926,0.43187436455557926
spearman,glycemic,abg,lipid,ldl_hdl_ratio,116,0.2286430700362147,0.2286430700362147
spearman,glycemic,abg,lipid,hdl_ldl_ratio,116,-0.22292763564270493,0.22292763564270493
spearman,glycemic,abg,lipid,apo_a1,104,-0.10897172449830687,0.10897172449830687
spearman,glycemic,abg,lipid,apo_b,105,0.2975561345245331,0.2975561345245331
spearman,glycemic,abg,lipid,apo_b_apo_a1_ratio,105,0.25532741415275306,0.25532741415275306
spearman,glycemic,abg,lipid,lipoprotein_a,103,0.15169702031089577,0.15169702031089577
spearman,glycemic,c_peptide,lipid,total_cholesterol,50,0.08513653087732304,0.08513653087732304
spearman,glycemic,c_peptide,lipid,hdl,50,-0.15988084627440663,0.15988084627440663
spearman,glycemic,c_peptide,lipid,ldl,50,0.05931938822764116,0.05931938822764116
spearman,glycemic,c_peptide,lipid,vldl,51,0.18332390584152755,0.18332390584152755
spearman,glycemic,c_peptide,lipid,triglycerides,51,0.19133190236711595,0.19133190236711595
spearman,glycemic,c_peptide,lipid,non_hdl,50,0.12452576535371492,0.12452576535371492
spearman,glycemic,c_peptide,lipid,tc_hdl_ratio,50,0.16481670251235425,0.16481670251235425
spearman,glycemic,c_peptide,lipid,trig_hdl_ratio,50,0.2672349628737277,0.2672349628737277
spearman,glycemic,c_peptide,lipid,ldl_hdl_ratio,50,0.16886318849133494,0.16886318849133494
spearman,glycemic,c_peptide,lipid,hdl_ldl_ratio,50,-0.16871110626578115,0.16871110626578115
spearman,glycemic,c_peptide,lipid,apo_a1,49,0.031084116613545085,0.031084116613545085
spearman,glycemic,c_peptide,lipid,apo_b,50,0.15382214176243905,0.15382214176243905
spearman,glycemic,c_peptide,lipid,apo_b_apo_a1_ratio,50,0.1152658679987873,0.1152658679987873
spearman,glycemic,c_peptide,lipid,lipoprotein_a,50,0.3117301004606643,0.3117301004606643
spearman,glycemic,hba1c,liver,alt,120,0.16492459582412097,0.16492459582412097
spearman,glycemic,hba1c,liver,ast,119,0.08892728604490525,0.08892728604490525
spearman,glycemic,hba1c,liver,ast_alt_ratio,119,-0.14701927642331095,0.14701927642331095
spearman,glycemic,hba1c,liver,alkaline_phosphatase,117,0.31885292759255335,0.31885292759255335
spearman,glycemic,hba1c,liver,bilirubin_total,117,-0.07213776110101353,0.07213776110101353
spearman,glycemic,hba1c,liver,bilirubin_direct,117,-0.1680405127639733,0.1680405127639733
spearman,glycemic,hba1c,liver,bilirubin_indirect,117,-0.054654314815980855,0.054654314815980855
spearman,glycemic,hba1c,liver,ggt,117,0.20878115348443793,0.20878115348443793
spearman,glycemic,hba1c,liver,total_protein,117,0.12261306714112674,0.12261306714112674
spearman,glycemic,hba1c,liver,albumin,117,-0.14254363155169064,0.14254363155169064
spearman,glycemic,hba1c,liver,globulin,117,0.27117552713306914,0.27117552713306914
spearman,glycemic,hba1c,liver,albumin_globulin_ratio,117,-0.2934536653840055,0.2934536653840055
spearman,glycemic,abg,liver,alt,120,0.16492459582412097,0.16492459582412097
spearman,glycemic,abg,liver,ast,119,0.08892728604490525,0.08892728604490525
spearman,glycemic,abg,liver,ast_alt_ratio,119,-0.14701927642331095,0.14701927642331095
spearman,glycemic,abg,liver,alkaline_phosphatase,117,0.31885292759255335,0.31885292759255335
spearman,glycemic,abg,liver,bilirubin_total,117,-0.07213776110101353,0.07213776110101353
spearman,glycemic,abg,liver,bilirubin_direct,117,-0.1680405127639733,0.1680405127639733
spearman,glycemic,abg,liver,bilirubin_indirect,117,-0.054654314815980855,0.054654314815980855
spearman,glycemic,abg,liver,ggt,117,0.20878115348443793,0.20878115348443793
spearman,glycemic,abg,liver,total_protein,117,0.12261306714112674,0.12261306714112674
spearman,glycemic,abg,liver,albumin,117,-0.14254363155169064,0.14254363155169064
spearman,glycemic,abg,liver,globulin,117,0.27117552713306914,0.27117552713306914
spearman,glycemic,abg,liver,albumin_globulin_ratio,117,-0.2934536653840055,0.2934536653840055
spearman,glycemic,c_peptide,liver,alt,52,-0.05874316961303106,0.05874316961303106
spearman,glycemic,c_peptide,liver,ast,51,-0.24224459836329226,0.24224459836329226
spearman,glycemic,c_peptide,liver,ast_alt_ratio,51,-0.03727171929203142,0.03727171929203142
spearman,glycemic,c_peptide,liver,alkaline_phosphatase,51,0.18748727274782734,0.18748727274782734
spearman,glycemic,c_peptide,liver,bilirubin_total,51,-0.1915842451490098,0.1915842451490098
spearman,glycemic,c_peptide,liver,bilirubin_direct,51,-0.28083025855433696,0.28083025855433696
spearman,glycemic,c_peptide,liver,bilirubin_indirect,51,-0.15434070186442433,0.15434070186442433
spearman,glycemic,c_peptide,liver,ggt,51,0.11290614581494593,0.11290614581494593
spearman,glycemic,c_peptide,liver,total_protein,51,0.1366856008038068,0.1366856008038068
spearman,glycemic,c_peptide,liver,albumin,51,-0.037413427240508,0.037413427240508
spearman,glycemic,c_peptide,liver,globulin,51,0.118983503458764,0.118983503458764
spearman,glycemic,c_peptide,liver,albumin_globulin_ratio,51,-0.14747234013666238,0.14747234013666238
spearman,glycemic,hba1c,thyroid,tsh,109,-0.10782260321340155,0.10782260321340155
spearman,glycemic,hba1c,thyroid,t4,107,-0.07007017486514983,0.07007017486514983
spearman,glycemic,hba1c,thyroid,t3,106,0.06278092478053994,0.06278092478053994
spearman,glycemic,abg,thyroid,tsh,109,-0.10782260321340155,0.10782260321340155
spearman,glycemic,abg,thyroid,t4,107,-0.07007017486514983,0.07007017486514983
spearman,glycemic,abg,thyroid,t3,106,0.06278092478053994,0.06278092478053994
spearman,glycemic,c_peptide,thyroid,tsh,46,0.0322580645774885,0.0322580645774885
spearman,glycemic,c_peptide,thyroid,t4,45,0.15180365681108457,0.15180365681108457
spearman,glycemic,c_peptide,thyroid,t3,45,0.016381016905460094,0.016381016905460094
spearman,glycemic,hba1c,vitamins,vitamin_d,101,-0.350780617178076,0.350780617178076
spearman,glycemic,hba1c,vitamins,vitamin_b12,93,-0.013337215419014191,0.013337215419014191
spearman,glycemic,abg,vitamins,vitamin_d,101,-0.350780617178076,0.350780617178076
spearman,glycemic,abg,vitamins,vitamin_b12,93,-0.013337215419014191,0.013337215419014191
spearman,glycemic,c_peptide,vitamins,vitamin_d,49,0.25697810922878844,0.25697810922878844
spearman,glycemic,c_peptide,vitamins,vitamin_b12,46,0.21605452339046435,0.21605452339046435
spearman,glycemic,hba1c,inflammation,hs_crp,105,0.22566712664762217,0.22566712664762217
spearman,glycemic,abg,inflammation,hs_crp,105,0.22566712664762217,0.22566712664762217
spearman,glycemic,c_peptide,inflammation,hs_crp,50,0.4590467054773163,0.4590467054773163
spearman,glycemic,hba1c,cbc,hemoglobin,119,0.1371179957976644,0.1371179957976644
spearman,glycemic,hba1c,cbc,wbc,119,0.2861450716462337,0.2861450716462337
spearman,glycemic,hba1c,cbc,platelet_count,119,-0.01957368657784866,0.01957368657784866
spearman,glycemic,hba1c,cbc,hematocrit,85,0.09292264761869633,0.09292264761869633
spearman,glycemic,hba1c,cbc,rbc,85,0.10186104460079595,0.10186104460079595
spearman,glycemic,hba1c,cbc,mcv,119,-0.0177937535591058,0.0177937535591058
spearman,glycemic,hba1c,cbc,mch,119,0.009227738187664914,0.009227738187664914
spearman,glycemic,hba1c,cbc,mchc,78,-0.07291371940557034,0.07291371940557034
spearman,glycemic,hba1c,cbc,rdw_cv,119,-0.040002355176324625,0.040002355176324625
spearman,glycemic,hba1c,cbc,rdw_sd,119,-0.04554295853476305,0.04554295853476305
spearman,glycemic,hba1c,cbc,mpv,101,-0.10740110730813024,0.10740110730813024
spearman,glycemic,abg,cbc,hemoglobin,119,0.1371179957976644,0.1371179957976644
spearman,glycemic,abg,cbc,wbc,119,0.2861450716462337,0.2861450716462337
spearman,glycemic,abg,cbc,platelet_count,119,-0.01957368657784866,0.01957368657784866
spearman,glycemic,abg,cbc,hematocrit,85,0.09292264761869633,0.09292264761869633
spearman,glycemic,abg,cbc,rbc,85,0.10186104460079595,0.10186104460079595
spearman,glycemic,abg,cbc,mcv,119,-0.0177937535591058,0.0177937535591058
spearman,glycemic,abg,cbc,mch,119,0.009227738187664914,0.009227738187664914
spearman,glycemic,abg,cbc,mchc,78,-0.07291371940557034,0.07291371940557034
spearman,glycemic,abg,cbc,rdw_cv,119,-0.040002355176324625,0.040002355176324625
spearman,glycemic,abg,cbc,rdw_sd,119,-0.04554295853476305,0.04554295853476305
spearman,glycemic,abg,cbc,mpv,101,-0.10740110730813024,0.10740110730813024
spearman,glycemic,c_peptide,cbc,hemoglobin,50,-0.042269438125972295,0.042269438125972295
spearman,glycemic,c_peptide,cbc,wbc,50,0.07654996913760957,0.07654996913760957
spearman,glycemic,c_peptide,cbc,platelet_count,50,0.08688343499351615,0.08688343499351615
spearman,glycemic,c_peptide,cbc,hematocrit,35,0.07258460474799318,0.07258460474799318
spearman,glycemic,c_peptide,cbc,rbc,34,-0.040972336051277765,0.040972336051277765
spearman,glycemic,c_peptide,cbc,mcv,50,0.021182064946064578,0.021182064946064578
spearman,glycemic,c_peptide,cbc,mch,50,0.019003004587829213,0.019003004587829213
spearman,glycemic,c_peptide,cbc,mchc,31,0.019991948543773487,0.019991948543773487
spearman,glycemic,c_peptide,cbc,rdw_cv,50,-0.13561562692578497,0.13561562692578497
spearman,glycemic,c_peptide,cbc,rdw_sd,50,-0.09773786081360165,0.09773786081360165
spearman,glycemic,c_peptide,cbc,mpv,40,0.0025827671633426147,0.0025827671633426147
spearman,renal,creatinine,lipid,total_cholesterol,115,-0.014234180443222935,0.014234180443222935
spearman,renal,creatinine,lipid,hdl,114,-0.2213023916914795,0.2213023916914795
spearman,renal,creatinine,lipid,ldl,115,-0.001282825538535949,0.001282825538535949
spearman,renal,creatinine,lipid,vldl,115,0.026301406504704646,0.026301406504704646
spearman,renal,creatinine,lipid,triglycerides,114,0.015172847201472259,0.015172847201472259
spearman,renal,creatinine,lipid,non_hdl,115,0.06272926805814566,0.06272926805814566
spearman,renal,creatinine,lipid,tc_hdl_ratio,115,0.17276180866958388,0.17276180866958388
spearman,renal,creatinine,lipid,trig_hdl_ratio,115,0.11174826182942228,0.11174826182942228
spearman,renal,creatinine,lipid,ldl_hdl_ratio,115,0.12712853518905992,0.12712853518905992
spearman,renal,creatinine,lipid,hdl_ldl_ratio,115,-0.13166109404529155,0.13166109404529155
spearman,renal,creatinine,lipid,apo_a1,103,-0.18457193565459887,0.18457193565459887
spearman,renal,creatinine,lipid,apo_b,104,0.0368058541035181,0.0368058541035181
spearman,renal,creatinine,lipid,apo_b_apo_a1_ratio,104,0.14055251151611992,0.14055251151611992
spearman,renal,creatinine,lipid,lipoprotein_a,102,0.22434181675130876,0.22434181675130876
spearman,renal,egfr,lipid,total_cholesterol,115,0.010306492292353149,0.010306492292353149
spearman,renal,egfr,lipid,hdl,114,-0.047903463014139495,0.047903463014139495
spearman,renal,egfr,lipid,ldl,115,0.05317584980325179,0.05317584980325179
spearman,renal,egfr,lipid,vldl,115,-0.0676600053299195,0.0676600053299195
spearman,renal,egfr,lipid,triglycerides,114,-0.06570748626896761,0.06570748626896761
spearman,renal,egfr,lipid,non_hdl,115,0.023331761203959543,0.023331761203959543
spearman,renal,egfr,lipid,tc_hdl_ratio,115,0.06778492872081529,0.06778492872081529
spearman,renal,egfr,lipid,trig_hdl_ratio,115,-0.03637032393498563,0.03637032393498563
spearman,renal,egfr,lipid,ldl_hdl_ratio,115,0.10039682257438676,0.10039682257438676
spearman,renal,egfr,lipid,hdl_ldl_ratio,115,-0.09599719000688842,0.09599719000688842
spearman,renal,egfr,lipid,apo_a1,103,-0.08986480040352078,0.08986480040352078
spearman,renal,egfr,lipid,apo_b,104,-0.02168166887177892,0.02168166887177892
spearman,renal,egfr,lipid,apo_b_apo_a1_ratio,104,0.03419294230781962,0.03419294230781962
spearman,renal,egfr,lipid,lipoprotein_a,102,-0.3555043194978048,0.3555043194978048
spearman,renal,bun,lipid,total_cholesterol,116,0.026489353377563377,0.026489353377563377
spearman,renal,bun,lipid,hdl,115,-0.10333652183813438,0.10333652183813438
spearman,renal,bun,lipid,ldl,116,0.057206848486897825,0.057206848486897825
spearman,renal,bun,lipid,vldl,116,0.1837520422995821,0.1837520422995821
spearman,renal,bun,lipid,triglycerides,115,0.2049479168964009,0.2049479168964009
spearman,renal,bun,lipid,non_hdl,116,0.07164604846191241,0.07164604846191241
spearman,renal,bun,lipid,tc_hdl_ratio,116,0.11559794585050813,0.11559794585050813
spearman,renal,bun,lipid,trig_hdl_ratio,116,0.1859089196607746,0.1859089196607746
spearman,renal,bun,lipid,ldl_hdl_ratio,116,0.09622818761385372,0.09622818761385372
spearman,renal,bun,lipid,hdl_ldl_ratio,116,-0.10039330157313307,0.10039330157313307
spearman,renal,bun,lipid,apo_a1,104,-0.05521344929742921,0.05521344929742921
spearman,renal,bun,lipid,apo_b,105,0.1715324901817376,0.1715324901817376
spearman,renal,bun,lipid,apo_b_apo_a1_ratio,105,0.15448969783728936,0.15448969783728936
spearman,renal,bun,lipid,lipoprotein_a,103,0.2979200703021215,0.2979200703021215
spearman,renal,urea,lipid,total_cholesterol,116,0.026489353377563377,0.026489353377563377
spearman,renal,urea,lipid,hdl,115,-0.10333652183813438,0.10333652183813438
spearman,renal,urea,lipid,ldl,116,0.057206848486897825,0.057206848486897825
spearman,renal,urea,lipid,vldl,116,0.1837520422995821,0.1837520422995821
spearman,renal,urea,lipid,triglycerides,115,0.2049479168964009,0.2049479168964009
spearman,renal,urea,lipid,non_hdl,116,0.07164604846191241,0.07164604846191241
spearman,renal,urea,lipid,tc_hdl_ratio,116,0.11559794585050813,0.11559794585050813
spearman,renal,urea,lipid,trig_hdl_ratio,116,0.1859089196607746,0.1859089196607746
spearman,renal,urea,lipid,ldl_hdl_ratio,116,0.09622818761385372,0.09622818761385372
spearman,renal,urea,lipid,hdl_ldl_ratio,116,-0.10039330157313307,0.10039330157313307
spearman,renal,urea,lipid,apo_a1,104,-0.05521344929742921,0.05521344929742921
spearman,renal,urea,lipid,apo_b,105,0.1715324901817376,0.1715324901817376
spearman,renal,urea,lipid,apo_b_apo_a1_ratio,105,0.15448969783728936,0.15448969783728936
spearman,renal,urea,lipid,lipoprotein_a,103,0.2979200703021215,0.2979200703021215
spearman,renal,uric_acid,lipid,total_cholesterol,116,0.07745393185821027,0.07745393185821027
spearman,renal,uric_acid,lipid,hdl,115,-0.29224298863902404,0.29224298863902404
spearman,renal,uric_acid,lipid,ldl,116,0.1285176554872232,0.1285176554872232
spearman,renal,uric_acid,lipid,vldl,116,0.1156912005432156,0.1156912005432156
spearman,renal,uric_acid,lipid,triglycerides,115,0.09624228371353803,0.09624228371353803
spearman,renal,uric_acid,lipid,non_hdl,116,0.17756497373497904,0.17756497373497904
spearman,renal,uric_acid,lipid,tc_hdl_ratio,116,0.29852557995915646,0.29852557995915646
spearman,renal,uric_acid,lipid,trig_hdl_ratio,116,0.20580653966484802,0.20580653966484802
spearman,renal,uric_acid,lipid,ldl_hdl_ratio,116,0.28482468706924097,0.28482468706924097
spearman,renal,uric_acid,lipid,hdl_ldl_ratio,116,-0.2863885353161023,0.2863885353161023
spearman,renal,uric_acid,lipid,apo_a1,104,-0.20219746356466226,0.20219746356466226
spearman,renal,uric_acid,lipid,apo_b,105,0.16180469942505313,0.16180469942505313
spearman,renal,uric_acid,lipid,apo_b_apo_a1_ratio,105,0.23005128879691358,0.23005128879691358
spearman,renal,uric_acid,lipid,lipoprotein_a,103,0.21753360867551041,0.21753360867551041
spearman,renal,calcium,lipid,total_cholesterol,116,0.20260486755932722,0.20260486755932722
spearman,renal,calcium,lipid,hdl,115,-0.08987311002773121,0.08987311002773121
spearman,renal,calcium,lipid,ldl,116,0.21461502475461536,0.21461502475461536
spearman,renal,calcium,lipid,vldl,116,0.28267601717888796,0.28267601717888796
spearman,renal,calcium,lipid,triglycerides,115,0.28324639146036845,0.28324639146036845
spearman,renal,calcium,lipid,non_hdl,116,0.22122820461818885,0.22122820461818885
spearman,renal,calcium,lipid,tc_hdl_ratio,116,0.15847090577221698,0.15847090577221698
spearman,renal,calcium,lipid,trig_hdl_ratio,116,0.24057745392667165,0.24057745392667165
spearman,renal,calcium,lipid,ldl_hdl_ratio,116,0.17388960702020556,0.17388960702020556
spearman,renal,calcium,lipid,hdl_ldl_ratio,116,-0.1723140663540829,0.1723140663540829
spearman,renal,calcium,lipid,apo_a1,104,0.028929281082595334,0.028929281082595334
spearman,renal,calcium,lipid,apo_b,105,0.23964555519878242,0.23964555519878242
spearman,renal,calcium,lipid,apo_b_apo_a1_ratio,105,0.18987438788842165,0.18987438788842165
spearman,renal,calcium,lipid,lipoprotein_a,103,0.06810243528664507,0.06810243528664507
spearman,renal,bun_creatinine_ratio,lipid,total_cholesterol,114,0.007438791499644521,0.007438791499644521
spearman,renal,bun_creatinine_ratio,lipid,hdl,113,0.02677258622554765,0.02677258622554765
spearman,renal,bun_creatinine_ratio,lipid,ldl,114,0.03916024477180214,0.03916024477180214
spearman,renal,bun_creatinine_ratio,lipid,vldl,114,0.24979141354618348,0.24979141354618348
spearman,renal,bun_creatinine_ratio,lipid,triglycerides,113,0.2770722560765501,0.2770722560765501
spearman,renal,bun_creatinine_ratio,lipid,non_hdl,114,0.01271359775947421,0.01271359775947421
spearman,renal,bun_creatinine_ratio,lipid,tc_hdl_ratio,114,-0.002145644728813269,0.002145644728813269
spearman,renal,bun_creatinine_ratio,lipid,trig_hdl_ratio,114,0.1797186681085635,0.1797186681085635
spearman,renal,bun_creatinine_ratio,lipid,ldl_hdl_ratio,114,0.007245028954040318,0.007245028954040318
spearman,renal,bun_creatinine_ratio,lipid,hdl_ldl_ratio,114,-0.008797756183235396,0.008797756183235396
spearman,renal,bun_creatinine_ratio,lipid,apo_a1,102,0.06402968720287672,0.06402968720287672
spearman,renal,bun_creatinine_ratio,lipid,apo_b,103,0.12630862260966635,0.12630862260966635
spearman,renal,bun_creatinine_ratio,lipid,apo_b_apo_a1_ratio,103,0.05378315922762482,0.05378315922762482
spearman,renal,bun_creatinine_ratio,lipid,lipoprotein_a,103,0.11957539463577176,0.11957539463577176
spearman,renal,urea_creatinine_ratio,lipid,total_cholesterol,116,0.006232050674499007,0.006232050674499007
spearman,renal,urea_creatinine_ratio,lipid,hdl,115,0.0320043527576038,0.0320043527576038
spearman,renal,urea_creatinine_ratio,lipid,ldl,116,0.03301805222127684,0.03301805222127684
spearman,renal,urea_creatinine_ratio,lipid,vldl,116,0.23620724452475614,0.23620724452475614
spearman,renal,urea_creatinine_ratio,lipid,triglycerides,115,0.2625092480893528,0.2625092480893528
spearman,renal,urea_creatinine_ratio,lipid,non_hdl,116,0.007780769888857431,0.007780769888857431
spearman,renal,urea_creatinine_ratio,lipid,tc_hdl_ratio,116,-0.009771211411912189,0.009771211411912189
spearman,renal,urea_creatinine_ratio,lipid,trig_hdl_ratio,116,0.16817139485907837,0.16817139485907837
spearman,renal,urea_creatinine_ratio,lipid,ldl_hdl_ratio,116,-0.0005906700059296367,0.0005906700059296367
spearman,renal,urea_creatinine_ratio,lipid,hdl_ldl_ratio,116,-0.0006115620680592061,0.0006115620680592061
spearman,renal,urea_creatinine_ratio,lipid,apo_a1,104,0.06688011381924311,0.06688011381924311
spearman,renal,urea_creatinine_ratio,lipid,apo_b,105,0.12116177005502128,0.12116177005502128
spearman,renal,urea_creatinine_ratio,lipid,apo_b_apo_a1_ratio,105,0.050293931636272125,0.050293931636272125
spearman,renal,urea_creatinine_ratio,lipid,lipoprotein_a,103,0.11925590335160598,0.11925590335160598
spearman,renal,urine_creatinine,lipid,total_cholesterol,49,0.4177893534681097,0.4177893534681097
spearman,renal,urine_creatinine,lipid,hdl,49,-0.030333217780676016,0.030333217780676016
spearman,renal,urine_creatinine,lipid,ldl,49,0.4097381979459883,0.4097381979459883
spearman,renal,urine_creatinine,lipid,vldl,50,-0.11385627509344413,0.11385627509344413
spearman,renal,urine_creatinine,lipid,triglycerides,50,-0.1106174538467126,0.1106174538467126
spearman,renal,urine_creatinine,lipid,non_hdl,49,0.4181632653061224,0.4181632653061224
spearman,renal,urine_creatinine,lipid,tc_hdl_ratio,49,0.32022881661844066,0.32022881661844066
spearman,renal,urine_creatinine,lipid,trig_hdl_ratio,49,-0.06372611548286573,0.06372611548286573
spearman,renal,urine_creatinine,lipid,ldl_hdl_ratio,49,0.38715645873877697,0.38715645873877697
spearman,renal,urine_creatinine,lipid,hdl_ldl_ratio,49,-0.38671481309515887,0.38671481309515887
spearman,renal,urine_creatinine,lipid,apo_a1,48,-0.04120745034829877,0.04120745034829877
spearman,renal,urine_creatinine,lipid,apo_b,48,0.39027970992885674,0.39027970992885674
spearman,renal,urine_creatinine,lipid,apo_b_apo_a1_ratio,48,0.37368911816487155,0.37368911816487155
spearman,renal,urine_creatinine,lipid,lipoprotein_a,48,0.09406464573171282,0.09406464573171282
spearman,renal,urinary_microalbumin,lipid,total_cholesterol,49,0.029342723615996463,0.029342723615996463
spearman,renal,urinary_microalbumin,lipid,hdl,49,-0.10146818809798526,0.10146818809798526
spearman,renal,urinary_microalbumin,lipid,ldl,49,0.07548614782786704,0.07548614782786704
spearman,renal,urinary_microalbumin,lipid,vldl,50,-0.16523806098546656,0.16523806098546656
spearman,renal,urinary_microalbumin,lipid,triglycerides,50,-0.1638367933439586,0.1638367933439586
spearman,renal,urinary_microalbumin,lipid,non_hdl,49,0.07265306122448979,0.07265306122448979
spearman,renal,urinary_microalbumin,lipid,tc_hdl_ratio,49,0.14152970020190012,0.14152970020190012
spearman,renal,urinary_microalbumin,lipid,trig_hdl_ratio,49,-0.05382790379057113,0.05382790379057113
spearman,renal,urinary_microalbumin,lipid,ldl_hdl_ratio,49,0.12057129092419024,0.12057129092419024
spearman,renal,urinary_microalbumin,lipid,hdl_ldl_ratio,49,-0.14052137103748505,0.14052137103748505
spearman,renal,urinary_microalbumin,lipid,apo_a1,48,-0.20522287525239705,0.20522287525239705
spearman,renal,urinary_microalbumin,lipid,apo_b,48,0.08199838068631886,0.08199838068631886
spearman,renal,urinary_microalbumin,lipid,apo_b_apo_a1_ratio,48,0.208965110583676,0.208965110583676
spearman,renal,urinary_microalbumin,lipid,lipoprotein_a,48,0.1502428963562499,0.1502428963562499
spearman,renal,uacr,lipid,total_cholesterol,49,-0.2331598333938919,0.2331598333938919
spearman,renal,uacr,lipid,hdl,49,-0.036461140564650975,0.036461140564650975
spearman,renal,uacr,lipid,ldl,49,-0.183585986299417,0.183585986299417
spearman,renal,uacr,lipid,vldl,50,-0.14819083295587035,0.14819083295587035
spearman,renal,uacr,lipid,triglycerides,50,-0.14769807667331358,0.14769807667331358
spearman,renal,uacr,lipid,non_hdl,49,-0.1990816326530612,0.1990816326530612
spearman,renal,uacr,lipid,tc_hdl_ratio,49,-0.08582663277034418,0.08582663277034418
spearman,renal,uacr,lipid,trig_hdl_ratio,49,-0.06739967858516063,0.06739967858516063
spearman,renal,uacr,lipid,ldl_hdl_ratio,49,-0.14698457796139633,0.14698457796139633
spearman,renal,uacr,lipid,hdl_ldl_ratio,49,0.12365880651298687,0.12365880651298687
spearman,renal,uacr,lipid,apo_a1,48,-0.17167056390160831,0.17167056390160831
spearman,renal,uacr,lipid,apo_b,48,-0.1606299404437955,0.1606299404437955
spearman,renal,uacr,lipid,apo_b_apo_a1_ratio,48,-0.0367761029921363,0.0367761029921363
spearman,renal,uacr,lipid,lipoprotein_a,48,0.11246505825511191,0.11246505825511191
spearman,renal,creatinine,liver,alt,116,0.17448074081506185,0.17448074081506185
spearman,renal,creatinine,liver,ast,116,0.1270659220850707,0.1270659220850707
spearman,renal,creatinine,liver,ast_alt_ratio,116,-0.13416451721390274,0.13416451721390274
spearman,renal,creatinine,liver,alkaline_phosphatase,116,-0.04102646047990549,0.04102646047990549
spearman,renal,creatinine,liver,bilirubin_total,116,0.07796421135133669,0.07796421135133669
spearman,renal,creatinine,liver,bilirubin_direct,116,0.10711849479834379,0.10711849479834379
spearman,renal,creatinine,liver,bilirubin_indirect,116,0.055497964238678164,0.055497964238678164
spearman,renal,creatinine,liver,ggt,116,0.18898071502197025,0.18898071502197025
spearman,renal,creatinine,liver,total_protein,116,0.079454843250751,0.079454843250751
spearman,renal,creatinine,liver,albumin,116,0.030726928967350332,0.030726928967350332
spearman,renal,creatinine,liver,globulin,116,0.030843747638039567,0.030843747638039567
spearman,renal,creatinine,liver,albumin_globulin_ratio,116,0.013352619268777904,0.013352619268777904
spearman,renal,egfr,liver,alt,116,0.16318884168818504,0.16318884168818504
spearman,renal,egfr,liver,ast,116,0.10004292558413078,0.10004292558413078
spearman,renal,egfr,liver,ast_alt_ratio,116,-0.17023658609086084,0.17023658609086084
spearman,renal,egfr,liver,alkaline_phosphatase,116,0.01366606219772805,0.01366606219772805
spearman,renal,egfr,liver,bilirubin_total,116,0.11846218367450863,0.11846218367450863
spearman,renal,egfr,liver,bilirubin_direct,116,0.08045824343603314,0.08045824343603314
spearman,renal,egfr,liver,bilirubin_indirect,116,0.12859249809629394,0.12859249809629394
spearman,renal,egfr,liver,ggt,116,0.04052284979676668,0.04052284979676668
spearman,renal,egfr,liver,total_protein,116,0.021622957776818365,0.021622957776818365
spearman,renal,egfr,liver,albumin,116,0.21714695289995686,0.21714695289995686
spearman,renal,egfr,liver,globulin,116,-0.09102541153217987,0.09102541153217987
spearman,renal,egfr,liver,albumin_globulin_ratio,116,0.15072348165461355,0.15072348165461355
spearman,renal,bun,liver,alt,117,-0.14803811009098858,0.14803811009098858
spearman,renal,bun,liver,ast,117,-0.19632798260952122,0.19632798260952122
spearman,renal,bun,liver,ast_alt_ratio,117,0.007857243243636885,0.007857243243636885
spearman,renal,bun,liver,alkaline_phosphatase,117,0.14868712921928778,0.14868712921928778
spearman,renal,bun,liver,bilirubin_total,117,-0.16514929016273164,0.16514929016273164
spearman,renal,bun,liver,bilirubin_direct,117,-0.1852982027332761,0.1852982027332761
spearman,renal,bun,liver,bilirubin_indirect,117,-0.15877525694307268,0.15877525694307268
spearman,renal,bun,liver,ggt,117,-0.019708927558153875,0.019708927558153875
spearman,renal,bun,liver,total_protein,117,0.18489861953562745,0.18489861953562745
spearman,renal,bun,liver,albumin,117,-0.036946278971808064,0.036946278971808064
spearman,renal,bun,liver,globulin,117,0.22339289563294637,0.22339289563294637
spearman,renal,bun,liver,albumin_globulin_ratio,117,-0.19968480384245413,0.19968480384245413
spearman,renal,urea,liver,alt,117,-0.14803811009098858,0.14803811009098858
spearman,renal,urea,liver,ast,117,-0.19632798260952122,0.19632798260952122
spearman,renal,urea,liver,ast_alt_ratio,117,0.007857243243636885,0.007857243243636885
spearman,renal,urea,liver,alkaline_phosphatase,117,0.14868712921928778,0.14868712921928778
spearman,renal,urea,liver,bilirubin_total,117,-0.16514929016273164,0.16514929016273164
spearman,renal,urea,liver,bilirubin_direct,117,-0.1852982027332761,0.1852982027332761
spearman,renal,urea,liver,bilirubin_indirect,117,-0.15877525694307268,0.15877525694307268
spearman,renal,urea,liver,ggt,117,-0.019708927558153875,0.019708927558153875
spearman,renal,urea,liver,total_protein,117,0.18489861953562745,0.18489861953562745
spearman,renal,urea,liver,albumin,117,-0.036946278971808064,0.036946278971808064
spearman,renal,urea,liver,globulin,117,0.22339289563294637,0.22339289563294637
spearman,renal,urea,liver,albumin_globulin_ratio,117,-0.19968480384245413,0.19968480384245413
spearman,renal,uric_acid,liver,alt,117,0.22645920523701202,0.22645920523701202
spearman,renal,uric_acid,liver,ast,117,0.21150693967417064,0.21150693967417064
spearman,renal,uric_acid,liver,ast_alt_ratio,117,-0.1313971725112488,0.1313971725112488
spearman,renal,uric_acid,liver,alkaline_phosphatase,117,0.09438203937773633,0.09438203937773633
spearman,renal,uric_acid,liver,bilirubin_total,117,0.10935711413875773,0.10935711413875773
spearman,renal,uric_acid,liver,bilirubin_direct,117,0.1404949287910046,0.1404949287910046
spearman,renal,uric_acid,liver,bilirubin_indirect,117,0.08492737238673356,0.08492737238673356
spearman,renal,uric_acid,liver,ggt,117,0.3855717805188993,0.3855717805188993
spearman,renal,uric_acid,liver,total_protein,117,0.1564947780612415,0.1564947780612415
spearman,renal,uric_acid,liver,albumin,117,-0.025510940146082964,0.025510940146082964
spearman,renal,uric_acid,liver,globulin,117,0.17968946145389408,0.17968946145389408
spearman,renal,uric_acid,liver,albumin_globulin_ratio,117,-0.1741225407306732,0.1741225407306732
spearman,renal,calcium,liver,alt,117,0.22649791259888138,0.22649791259888138
spearman,renal,calcium,liver,ast,117,0.25763218684238237,0.25763218684238237
spearman,renal,calcium,liver,ast_alt_ratio,117,-0.12597377782127325,0.12597377782127325
spearman,renal,calcium,liver,alkaline_phosphatase,117,0.08658337127531819,0.08658337127531819
spearman,renal,calcium,liver,bilirubin_total,117,0.041873721628463687,0.041873721628463687
spearman,renal,calcium,liver,bilirubin_direct,117,-0.07121010745954187,0.07121010745954187
spearman,renal,calcium,liver,bilirubin_indirect,117,0.06345021364742968,0.06345021364742968
spearman,renal,calcium,liver,ggt,117,0.15241761768897083,0.15241761768897083
spearman,renal,calcium,liver,total_protein,117,0.4567175644541109,0.4567175644541109
spearman,renal,calcium,liver,albumin,117,0.46920445317303294,0.46920445317303294
spearman,renal,calcium,liver,globulin,117,0.18885560283083297,0.18885560283083297
spearman,renal,calcium,liver,albumin_globulin_ratio,117,0.06504530116839644,0.06504530116839644
spearman,renal,bun_creatinine_ratio,liver,alt,115,-0.2262531810539032,0.2262531810539032
spearman,renal,bun_creatinine_ratio,liver,ast,115,-0.21041251981162026,0.21041251981162026
spearman,renal,bun_creatinine_ratio,liver,ast_alt_ratio,115,0.10205301651147765,0.10205301651147765
spearman,renal,bun_creatinine_ratio,liver,alkaline_phosphatase,115,0.24625949940650332,0.24625949940650332
spearman,renal,bun_creatinine_ratio,liver,bilirubin_total,115,-0.13894627922842312,0.13894627922842312
spearman,renal,bun_creatinine_ratio,liver,bilirubin_direct,115,-0.2435612643520602,0.2435612643520602
spearman,renal,bun_creatinine_ratio,liver,bilirubin_indirect,115,-0.11038755236721205,0.11038755236721205
spearman,renal,bun_creatinine_ratio,liver,ggt,115,-0.14870351227904638,0.14870351227904638
spearman,renal,bun_creatinine_ratio,liver,total_protein,115,0.08593558896963992,0.08593558896963992
spearman,renal,bun_creatinine_ratio,liver,albumin,115,-0.03151714363444932,0.03151714363444932
spearman,renal,bun_creatinine_ratio,liver,globulin,115,0.14412852134446927,0.14412852134446927
spearman,renal,bun_creatinine_ratio,liver,albumin_globulin_ratio,115,-0.14416950614136842,0.14416950614136842
spearman,renal,urea_creatinine_ratio,liver,alt,117,-0.21660575429905735,0.21660575429905735
spearman,renal,urea_creatinine_ratio,liver,ast,117,-0.22166024135205106,0.22166024135205106
spearman,renal,urea_creatinine_ratio,liver,ast_alt_ratio,117,0.08809059945034188,0.08809059945034188
spearman,renal,urea_creatinine_ratio,liver,alkaline_phosphatase,117,0.23413207677157827,0.23413207677157827
spearman,renal,urea_creatinine_ratio,liver,bilirubin_total,117,-0.1283299949743126,0.1283299949743126
spearman,renal,urea_creatinine_ratio,liver,bilirubin_direct,117,-0.23017553909030955,0.23017553909030955
spearman,renal,urea_creatinine_ratio,liver,bilirubin_indirect,117,-0.09962804834409299,0.09962804834409299
spearman,renal,urea_creatinine_ratio,liver,ggt,117,-0.16760205610955659,0.16760205610955659
spearman,renal,urea_creatinine_ratio,liver,total_protein,117,0.07894953788508567,0.07894953788508567
spearman,renal,urea_creatinine_ratio,liver,albumin,117,-0.03434373724769077,0.03434373724769077
spearman,renal,urea_creatinine_ratio,liver,globulin,117,0.1367482781779989,0.1367482781779989
spearman,renal,urea_creatinine_ratio,liver,albumin_globulin_ratio,117,-0.1375689741023595,0.1375689741023595
spearman,renal,urine_creatinine,liver,alt,51,0.09013574660633483,0.09013574660633483
spearman,renal,urine_creatinine,liver,ast,50,0.03726379986187796,0.03726379986187796
spearman,renal,urine_creatinine,liver,ast_alt_ratio,50,-0.08655139538732444,0.08655139538732444
spearman,renal,urine_creatinine,liver,alkaline_phosphatase,50,-0.04389060963112945,0.04389060963112945
spearman,renal,urine_creatinine,liver,bilirubin_total,50,0.3041744952480484,0.3041744952480484
spearman,renal,urine_creatinine,liver,bilirubin_direct,50,0.31547956982177733,0.31547956982177733
spearman,renal,urine_creatinine,liver,bilirubin_indirect,50,0.28622904184397624,0.28622904184397624
spearman,renal,urine_creatinine,liver,ggt,50,0.27654261704681876,0.27654261704681876
spearman,renal,urine_creatinine,liver,total_protein,50,0.13462046632571673,0.13462046632571673
spearman,renal,urine_creatinine,liver,albumin,50,0.005043591282649836,0.005043591282649836
spearman,renal,urine_creatinine,liver,globulin,50,0.10546030879936676,0.10546030879936676
spearman,renal,urine_creatinine,liver,albumin_globulin_ratio,50,-0.07870650095492572,0.07870650095492572
spearman,renal,urinary_microalbumin,liver,alt,51,-0.005520361990950226,0.005520361990950226
spearman,renal,urinary_microalbumin,liver,ast,50,-0.012629354850095238,0.012629354850095238
spearman,renal,urinary_microalbumin,liver,ast_alt_ratio,50,0.045100865853883274,0.045100865853883274
spearman,renal,urinary_microalbumin,liver,alkaline_phosphatase,50,0.09176690919593916,0.09176690919593916
spearman,renal,urinary_microalbumin,liver,bilirubin_total,50,-0.0835374995635433,0.0835374995635433
spearman,renal,urinary_microalbumin,liver,bilirubin_direct,50,0.005349561908068634,0.005349561908068634
spearman,renal,urinary_microalbumin,liver,bilirubin_indirect,50,-0.10804449733251134,0.10804449733251134
spearman,renal,urinary_microalbumin,liver,ggt,50,0.1144297719087635,0.1144297719087635
spearman,renal,urinary_microalbumin,liver,total_protein,50,-0.03866196053949409,0.03866196053949409
spearman,renal,urinary_microalbumin,liver,albumin,50,-0.1550063720867716,0.1550063720867716
spearman,renal,urinary_microalbumin,liver,globulin,50,0.1311050286986663,0.1311050286986663
spearman,renal,urinary_microalbumin,liver,albumin_globulin_ratio,50,-0.24414391413429648,0.24414391413429648
spearman,renal,uacr,liver,alt,51,-0.09538461538461539,0.09538461538461539
spearman,renal,uacr,liver,ast,50,-0.09416792722827665,0.09416792722827665
spearman,renal,uacr,liver,ast_alt_ratio,50,0.10984630480067203,0.10984630480067203
spearman,renal,uacr,liver,alkaline_phosphatase,50,0.09887392257165814,0.09887392257165814
spearman,renal,uacr,liver,bilirubin_total,50,-0.26070040835615266,0.26070040835615266
spearman,renal,uacr,liver,bilirubin_direct,50,-0.1681497432184817,0.1681497432184817
spearman,renal,uacr,liver,bilirubin_indirect,50,-0.27738947425429994,0.27738947425429994
spearman,renal,uacr,liver,ggt,50,-0.047202881152460976,0.047202881152460976
spearman,renal,uacr,liver,total_protein,50,-0.08337535838082205,0.08337535838082205
spearman,renal,uacr,liver,albumin,50,-0.12681029510662442,0.12681029510662442
spearman,renal,uacr,liver,globulin,50,0.08951640054736777,0.08951640054736777
spearman,renal,uacr,liver,albumin_globulin_ratio,50,-0.1941234822087301,0.1941234822087301
spearman,renal,creatinine,thyroid,tsh,108,-0.023078188269714157,0.023078188269714157
spearman,renal,creatinine,thyroid,t4,106,-0.04252456320988991,0.04252456320988991
spearman,renal,creatinine,thyroid,t3,105,-0.022419315149359954,0.022419315149359954
spearman,renal,egfr,thyroid,tsh,108,0.036701324428849755,0.036701324428849755
spearman,renal,egfr,thyroid,t4,106,0.03677924827881985,0.03677924827881985
spearman,renal,egfr,thyroid,t3,105,0.04760719072132922,0.04760719072132922
spearman,renal,bun,thyroid,tsh,109,-0.08818091672476182,0.08818091672476182
spearman,renal,bun,thyroid,t4,107,0.0994256603755714,0.0994256603755714
spearman,renal,bun,thyroid,t3,106,-0.058710578009048955,0.058710578009048955
spearman,renal,urea,thyroid,tsh,109,-0.08818091672476182,0.08818091672476182
spearman,renal,urea,thyroid,t4,107,0.0994256603755714,0.0994256603755714
spearman,renal,urea,thyroid,t3,106,-0.058710578009048955,0.058710578009048955
spearman,renal,uric_acid,thyroid,tsh,109,0.13450627051884587,0.13450627051884587
spearman,renal,uric_acid,thyroid,t4,107,-0.0918455818645378,0.0918455818645378
spearman,renal,uric_acid,thyroid,t3,106,-0.13206763342498903,0.13206763342498903
spearman,renal,calcium,thyroid,tsh,110,-0.12761333679663497,0.12761333679663497
spearman,renal,calcium,thyroid,t4,108,0.25885900647479454,0.25885900647479454
spearman,renal,calcium,thyroid,t3,107,0.08628019123043923,0.08628019123043923
spearman,renal,bun_creatinine_ratio,thyroid,tsh,107,-0.03941003730139644,0.03941003730139644
spearman,renal,bun_creatinine_ratio,thyroid,t4,105,0.11757753576114885,0.11757753576114885
spearman,renal,bun_creatinine_ratio,thyroid,t3,104,0.01586264031158943,0.01586264031158943
spearman,renal,urea_creatinine_ratio,thyroid,tsh,109,-0.0434679863257544,0.0434679863257544
spearman,renal,urea_creatinine_ratio,thyroid,t4,107,0.11532753040435831,0.11532753040435831
spearman,renal,urea_creatinine_ratio,thyroid,t3,106,0.010868607145705917,0.010868607145705917
spearman,renal,urine_creatinine,thyroid,tsh,45,0.02246450806581182,0.02246450806581182
spearman,renal,urine_creatinine,thyroid,t4,44,-0.07421241825464367,0.07421241825464367
spearman,renal,urine_creatinine,thyroid,t3,44,0.01636107600075347,0.01636107600075347
spearman,renal,urinary_microalbumin,thyroid,tsh,45,0.011792219776481865,0.011792219776481865
spearman,renal,urinary_microalbumin,thyroid,t4,44,-0.23299739292483568,0.23299739292483568
spearman,renal,urinary_microalbumin,thyroid,t3,44,-0.16664320081801914,0.16664320081801914
spearman,renal,uacr,thyroid,tsh,45,-0.0028986462020402348,0.0028986462020402348
spearman,renal,uacr,thyroid,t4,44,-0.18739868959078587,0.18739868959078587
spearman,renal,uacr,thyroid,t3,44,-0.12517633578162676,0.12517633578162676
spearman,renal,creatinine,vitamins,vitamin_d,100,0.23750942499399377,0.23750942499399377
spearman,renal,creatinine,vitamins,vitamin_b12,93,0.021616237384023747,0.021616237384023747
spearman,renal,egfr,vitamins,vitamin_d,100,-0.28125648975005746,0.28125648975005746
spearman,renal,egfr,vitamins,vitamin_b12,93,-0.21865839693306294,0.21865839693306294
spearman,renal,bun,vitamins,vitamin_d,101,0.18590029210076273,0.18590029210076273
spearman,renal,bun,vitamins,vitamin_b12,93,0.17215820709686733,0.17215820709686733
spearman,renal,urea,vitamins,vitamin_d,101,0.18590029210076273,0.18590029210076273
spearman,renal,urea,vitamins,vitamin_b12,93,0.17215820709686733,0.17215820709686733
spearman,renal,uric_acid,vitamins,vitamin_d,101,0.21854377923500037,0.21854377923500037
spearman,renal,uric_acid,vitamins,vitamin_b12,93,-0.19776333754159395,0.19776333754159395
spearman,renal,calcium,vitamins,vitamin_d,102,0.15756331651049027,0.15756331651049027
spearman,renal,calcium,vitamins,vitamin_b12,94,-0.0011524483234683558,0.0011524483234683558
spearman,renal,bun_creatinine_ratio,vitamins,vitamin_d,99,-0.09128129011403854,0.09128129011403854
spearman,renal,bun_creatinine_ratio,vitamins,vitamin_b12,91,0.07882508928953867,0.07882508928953867
spearman,renal,urea_creatinine_ratio,vitamins,vitamin_d,101,-0.0827695865187251,0.0827695865187251
spearman,renal,urea_creatinine_ratio,vitamins,vitamin_b12,93,0.08567932826332267,0.08567932826332267
spearman,renal,urine_creatinine,vitamins,vitamin_d,47,0.06626000985683454,0.06626000985683454
spearman,renal,urine_creatinine,vitamins,vitamin_b12,44,-0.1230443974630021,0.1230443974630021
spearman,renal,urinary_microalbumin,vitamins,vitamin_d,47,0.10176057360211939,0.10176057360211939
spearman,renal,urinary_microalbumin,vitamins,vitamin_b12,44,0.034108527131782945,0.034108527131782945
spearman,renal,uacr,vitamins,vitamin_d,47,0.1525830418954506,0.1525830418954506
spearman,renal,uacr,vitamins,vitamin_b12,44,0.18421423537702605,0.18421423537702605
spearman,renal,creatinine,inflammation,hs_crp,104,-0.0448695050423479,0.0448695050423479
spearman,renal,egfr,inflammation,hs_crp,104,-0.08560677034490481,0.08560677034490481
spearman,renal,bun,inflammation,hs_crp,105,0.1024010823545609,0.1024010823545609
spearman,renal,urea,inflammation,hs_crp,105,0.1024010823545609,0.1024010823545609
spearman,renal,uric_acid,inflammation,hs_crp,105,0.12597486413220924,0.12597486413220924
spearman,renal,calcium,inflammation,hs_crp,105,0.05265136014361694,0.05265136014361694
spearman,renal,bun_creatinine_ratio,inflammation,hs_crp,103,0.1359323001900076,0.1359323001900076
spearman,renal,urea_creatinine_ratio,inflammation,hs_crp,105,0.13658311540957827,0.13658311540957827
spearman,renal,urine_creatinine,inflammation,hs_crp,48,-0.029527505642268765,0.029527505642268765
spearman,renal,urinary_microalbumin,inflammation,hs_crp,48,-0.05606969361849933,0.05606969361849933
spearman,renal,uacr,inflammation,hs_crp,48,-0.037017939058873704,0.037017939058873704
spearman,renal,creatinine,cbc,hemoglobin,116,0.275651431799881,0.275651431799881
spearman,renal,creatinine,cbc,wbc,116,-0.07240271636754028,0.07240271636754028
spearman,renal,creatinine,cbc,platelet_count,116,-0.052734706354688604,0.052734706354688604
spearman,renal,creatinine,cbc,hematocrit,82,0.32741450281588086,0.32741450281588086
spearman,renal,creatinine,cbc,rbc,82,0.41589037856829486,0.41589037856829486
spearman,renal,creatinine,cbc,mcv,116,0.27289421272177683,0.27289421272177683
spearman,renal,creatinine,cbc,mch,116,0.36809989445713176,0.36809989445713176
spearman,renal,creatinine,cbc,mchc,76,0.12515067907236224,0.12515067907236224
spearman,renal,creatinine,cbc,rdw_cv,116,-0.14121254883260456,0.14121254883260456
spearman,renal,creatinine,cbc,rdw_sd,116,0.06672255850703006,0.06672255850703006
spearman,renal,creatinine,cbc,mpv,100,0.08571172106844564,0.08571172106844564
spearman,renal,egfr,cbc,hemoglobin,116,0.08209844858271756,0.08209844858271756
spearman,renal,egfr,cbc,wbc,116,0.07950332995177482,0.07950332995177482
spearman,renal,egfr,cbc,platelet_count,116,0.07735594858935048,0.07735594858935048
spearman,renal,egfr,cbc,hematocrit,82,-0.0037707282240750056,0.0037707282240750056
spearman,renal,egfr,cbc,rbc,82,0.018186878258819976,0.018186878258819976
spearman,renal,egfr,cbc,mcv,116,-0.26797050268203015,0.26797050268203015
spearman,renal,egfr,cbc,mch,116,-0.23139220799780436,0.23139220799780436
spearman,renal,egfr,cbc,mchc,76,0.1971096143594558,0.1971096143594558
spearman,renal,egfr,cbc,rdw_cv,116,-0.052709089336455274,0.052709089336455274
spearman,renal,egfr,cbc,rdw_sd,116,-0.30439415036661155,0.30439415036661155
spearman,renal,egfr,cbc,mpv,100,-0.10150742001312293,0.10150742001312293
spearman,renal,bun,cbc,hemoglobin,117,-0.08765019831491236,0.08765019831491236
spearman,renal,bun,cbc,wbc,117,0.08394654219774073,0.08394654219774073
spearman,renal,bun,cbc,platelet_count,117,0.09577738721841675,0.09577738721841675
spearman,renal,bun,cbc,hematocrit,83,0.11396524519059503,0.11396524519059503
spearman,renal,bun,cbc,rbc,83,0.06379271481720257,0.06379271481720257
spearman,renal,bun,cbc,mcv,117,-0.1546413385374775,0.1546413385374775
spearman,renal,bun,cbc,mch,117,-0.15412634653800136,0.15412634653800136
spearman,renal,bun,cbc,mchc,77,-0.13472937890681919,0.13472937890681919
spearman,renal,bun,cbc,rdw_cv,117,-0.04922398203305769,0.04922398203305769
spearman,renal,bun,cbc,rdw_sd,117,-0.08319766516454637,0.08319766516454637
spearman,renal,bun,cbc,mpv,100,-0.01876119087568492,0.01876119087568492
spearman,renal,urea,cbc,hemoglobin,117,-0.08765019831491236,0.08765019831491236
spearman,renal,urea,cbc,wbc,117,0.08394654219774073,0.08394654219774073
spearman,renal,urea,cbc,platelet_count,117,0.09577738721841675,0.09577738721841675
spearman,renal,urea,cbc,hematocrit,83,0.11396524519059503,0.11396524519059503
spearman,renal,urea,cbc,rbc,83,0.06379271481720257,0.06379271481720257
spearman,renal,urea,cbc,mcv,117,-0.1546413385374775,0.1546413385374775
spearman,renal,urea,cbc,mch,117,-0.15412634653800136,0.15412634653800136
spearman,renal,urea,cbc,mchc,77,-0.13472937890681919,0.13472937890681919
spearman,renal,urea,cbc,rdw_cv,117,-0.04922398203305769,0.04922398203305769
spearman,renal,urea,cbc,rdw_sd,117,-0.08319766516454637,0.08319766516454637
spearman,renal,urea,cbc,mpv,100,-0.01876119087568492,0.01876119087568492
spearman,renal,uric_acid,cbc,hemoglobin,117,0.2290776667002322,0.2290776667002322
spearman,renal,uric_acid,cbc,wbc,117,-0.004679655302136631,0.004679655302136631
spearman,renal,uric_acid,cbc,platelet_count,117,0.03680271292374661,0.03680271292374661
spearman,renal,uric_acid,cbc,hematocrit,83,0.2380485026359022,0.2380485026359022
spearman,renal,uric_acid,cbc,rbc,83,0.21319330847599774,0.21319330847599774
spearman,renal,uric_acid,cbc,mcv,117,0.23281802090266807,0.23281802090266807
spearman,renal,uric_acid,cbc,mch,117,0.2302899984637475,0.2302899984637475
spearman,renal,uric_acid,cbc,mchc,77,0.0805359969645364,0.0805359969645364
spearman,renal,uric_acid,cbc,rdw_cv,117,-0.010245308968162115,0.010245308968162115
spearman,renal,uric_acid,cbc,rdw_sd,117,0.11802208080106961,0.11802208080106961
spearman,renal,uric_acid,cbc,mpv,100,-0.07529654278000432,0.07529654278000432
spearman,renal,calcium,cbc,hemoglobin,118,0.19487815300503972,0.19487815300503972
spearman,renal,calcium,cbc,wbc,118,0.24922568405298345,0.24922568405298345
spearman,renal,calcium,cbc,platelet_count,118,0.2198179508222842,0.2198179508222842
spearman,renal,calcium,cbc,hematocrit,84,0.3050299047646271,0.3050299047646271
spearman,renal,calcium,cbc,rbc,84,0.2406641315578114,0.2406641315578114
spearman,renal,calcium,cbc,mcv,118,-0.012884291574327555,0.012884291574327555
spearman,renal,calcium,cbc,mch,118,0.04256403465150976,0.04256403465150976
spearman,renal,calcium,cbc,mchc,78,-0.0223574569710906,0.0223574569710906
spearman,renal,calcium,cbc,rdw_cv,118,-0.04567294222547855,0.04567294222547855
spearman,renal,calcium,cbc,rdw_sd,118,-0.03909583017424839,0.03909583017424839
spearman,renal,calcium,cbc,mpv,101,0.01939045716693765,0.01939045716693765
spearman,renal,bun_creatinine_ratio,cbc,hemoglobin,115,-0.28484261614041867,0.28484261614041867
spearman,renal,bun_creatinine_ratio,cbc,wbc,115,0.2042446912340525,0.2042446912340525
spearman,renal,bun_creatinine_ratio,cbc,platelet_count,115,0.15358375307961963,0.15358375307961963
spearman,renal,bun_creatinine_ratio,cbc,hematocrit,81,-0.16952234971452682,0.16952234971452682
spearman,renal,bun_creatinine_ratio,cbc,rbc,81,-0.2845752508379086,0.2845752508379086
spearman,renal,bun_creatinine_ratio,cbc,mcv,115,-0.29440812226279167,0.29440812226279167
spearman,renal,bun_creatinine_ratio,cbc,mch,115,-0.3565688116299132,0.3565688116299132
spearman,renal,bun_creatinine_ratio,cbc,mchc,76,-0.3289398520350796,0.3289398520350796
spearman,renal,bun_creatinine_ratio,cbc,rdw_cv,115,0.07247915215744456,0.07247915215744456
spearman,renal,bun_creatinine_ratio,cbc,rdw_sd,115,-0.07971353342527528,0.07971353342527528
spearman,renal,bun_creatinine_ratio,cbc,mpv,98,-0.053042786715545166,0.053042786715545166
spearman,renal,urea_creatinine_ratio,cbc,hemoglobin,117,-0.29728156283675894,0.29728156283675894
spearman,renal,urea_creatinine_ratio,cbc,wbc,117,0.20115809222859246,0.20115809222859246
spearman,renal,urea_creatinine_ratio,cbc,platelet_count,117,0.16028506522608293,0.16028506522608293
spearman,renal,urea_creatinine_ratio,cbc,hematocrit,83,-0.19615798862608405,0.19615798862608405
spearman,renal,urea_creatinine_ratio,cbc,rbc,83,-0.3051994085291222,0.3051994085291222
spearman,renal,urea_creatinine_ratio,cbc,mcv,117,-0.2930207294256504,0.2930207294256504
spearman,renal,urea_creatinine_ratio,cbc,mch,117,-0.35778419836664543,0.35778419836664543
spearman,renal,urea_creatinine_ratio,cbc,mchc,77,-0.31570658798640017,0.31570658798640017
spearman,renal,urea_creatinine_ratio,cbc,rdw_cv,117,0.06569260091594142,0.06569260091594142
spearman,renal,urea_creatinine_ratio,cbc,rdw_sd,117,-0.08372519146736589,0.08372519146736589
spearman,renal,urea_creatinine_ratio,cbc,mpv,100,-0.05624085912505976,0.05624085912505976
spearman,renal,urine_creatinine,cbc,hemoglobin,49,0.2591827283827011,0.2591827283827011
spearman,renal,urine_creatinine,cbc,wbc,49,-0.07581632653061224,0.07581632653061224
spearman,renal,urine_creatinine,cbc,platelet_count,49,-0.1155700694764392,0.1155700694764392
spearman,renal,urine_creatinine,cbc,hematocrit,33,0.08376526718333538,0.08376526718333538
spearman,renal,urine_creatinine,cbc,rbc,33,0.15550541915604596,0.15550541915604596
spearman,renal,urine_creatinine,cbc,mcv,49,-0.14212809852850475,0.14212809852850475
spearman,renal,urine_creatinine,cbc,mch,49,-0.046802432426067665,0.046802432426067665
spearman,renal,urine_creatinine,cbc,mchc,31,0.20860285702745468,0.20860285702745468
spearman,renal,urine_creatinine,cbc,rdw_cv,49,0.008066782606908835,0.008066782606908835
spearman,renal,urine_creatinine,cbc,rdw_sd,49,-0.05735718204410587,0.05735718204410587
spearman,renal,urine_creatinine,cbc,mpv,39,-0.15904732019962206,0.15904732019962206
spearman,renal,urinary_microalbumin,cbc,hemoglobin,49,-0.22783780121567762,0.22783780121567762
spearman,renal,urinary_microalbumin,cbc,wbc,49,0.04081632653061224,0.04081632653061224
spearman,renal,urinary_microalbumin,cbc,platelet_count,49,-0.0874046485709229,0.0874046485709229
spearman,renal,urinary_microalbumin,cbc,hematocrit,33,-0.19511789781028419,0.19511789781028419
spearman,renal,urinary_microalbumin,cbc,rbc,33,-0.2775688126871358,0.2775688126871358
spearman,renal,urinary_microalbumin,cbc,mcv,49,-0.1960704325122137,0.1960704325122137
spearman,renal,urinary_microalbumin,cbc,mch,49,-0.11233604555046339,0.11233604555046339
spearman,renal,urinary_microalbumin,cbc,mchc,31,-0.1282311851040017,0.1282311851040017
spearman,renal,urinary_microalbumin,cbc,rdw_cv,49,0.297041400044276,0.297041400044276
spearman,renal,urinary_microalbumin,cbc,rdw_sd,49,0.18140994854697187,0.18140994854697187
spearman,renal,urinary_microalbumin,cbc,mpv,39,-0.2103398275425212,0.2103398275425212
spearman,renal,uacr,cbc,hemoglobin,49,-0.4172346738372693,0.4172346738372693
spearman,renal,uacr,cbc,wbc,49,0.13469387755102039,0.13469387755102039
spearman,renal,uacr,cbc,platelet_count,49,0.048422073259664807,0.048422073259664807
spearman,renal,uacr,cbc,hematocrit,33,-0.28139110712485715,0.28139110712485715
spearman,renal,uacr,cbc,rbc,33,-0.3882619175057406,0.3882619175057406
spearman,renal,uacr,cbc,mcv,49,-0.09237050568638906,0.09237050568638906
spearman,renal,uacr,cbc,mch,49,-0.12075742106878527,0.12075742106878527
spearman,renal,uacr,cbc,mchc,31,-0.28271442385134227,0.28271442385134227
spearman,renal,uacr,cbc,rdw_cv,49,0.3600439933159564,0.3600439933159564
spearman,renal,uacr,cbc,rdw_sd,49,0.2757125040785623,0.2757125040785623
spearman,renal,uacr,cbc,mpv,39,-0.14718719498397145,0.14718719498397145
spearman,lipid,total_cholesterol,liver,alt,116,0.20282767764809598,0.20282767764809598
spearman,lipid,total_cholesterol,liver,ast,116,0.23192718467310566,0.23192718467310566
spearman,lipid,total_cholesterol,liver,ast_alt_ratio,116,-0.18610141340190073,0.18610141340190073
spearman,lipid,total_cholesterol,liver,alkaline_phosphatase,116,0.047471481367377485,0.047471481367377485
spearman,lipid,total_cholesterol,liver,bilirubin_total,116,0.10068679471771395,0.10068679471771395
spearman,lipid,total_cholesterol,liver,bilirubin_direct,116,-0.17130710133325605,0.17130710133325605
spearman,lipid,total_cholesterol,liver,bilirubin_indirect,116,0.16231043413105348,0.16231043413105348
spearman,lipid,total_cholesterol,liver,ggt,116,0.26859049843674426,0.26859049843674426
spearman,lipid,total_cholesterol,liver,total_protein,116,0.21887567958452503,0.21887567958452503
spearman,lipid,total_cholesterol,liver,albumin,116,0.2663269053065446,0.2663269053065446
spearman,lipid,total_cholesterol,liver,globulin,116,0.06278415699501272,0.06278415699501272
spearman,lipid,total_cholesterol,liver,albumin_globulin_ratio,116,0.07810009454763063,0.07810009454763063
spearman,lipid,hdl,liver,alt,115,-0.5276097953817583,0.5276097953817583
spearman,lipid,hdl,liver,ast,115,-0.3626804042694302,0.3626804042694302
spearman,lipid,hdl,liver,ast_alt_ratio,115,0.47352522373670025,0.47352522373670025
spearman,lipid,hdl,liver,alkaline_phosphatase,115,-0.21170910634463438,0.21170910634463438
spearman,lipid,hdl,liver,bilirubin_total,115,-0.010327560912362426,0.010327560912362426
spearman,lipid,hdl,liver,bilirubin_direct,115,0.037372142786436295,0.037372142786436295
spearman,lipid,hdl,liver,bilirubin_indirect,115,-0.01436885615332314,0.01436885615332314
spearman,lipid,hdl,liver,ggt,115,-0.4039403140995694,0.4039403140995694
spearman,lipid,hdl,liver,total_protein,115,-0.10511115376889044,0.10511115376889044
spearman,lipid,hdl,liver,albumin,115,-0.017203052459514697,0.017203052459514697
spearman,lipid,hdl,liver,globulin,115,-0.11342181293103819,0.11342181293103819
spearman,lipid,hdl,liver,albumin_globulin_ratio,115,0.09605282617478353,0.09605282617478353
spearman,lipid,ldl,liver,alt,116,0.2527072861712967,0.2527072861712967
spearman,lipid,ldl,liver,ast,116,0.24202810552845977,0.24202810552845977
spearman,lipid,ldl,liver,ast_alt_ratio,116,-0.23512277904188444,0.23512277904188444
spearman,lipid,ldl,liver,alkaline_phosphatase,116,0.06129864572518375,0.06129864572518375
spearman,lipid,ldl,liver,bilirubin_total,116,0.15200152320652757,0.15200152320652757
spearman,lipid,ldl,liver,bilirubin_direct,116,-0.09340817131586251,0.09340817131586251
spearman,lipid,ldl,liver,bilirubin_indirect,116,0.20530754111923816,0.20530754111923816
spearman,lipid,ldl,liver,ggt,116,0.2304255576838804,0.2304255576838804
spearman,lipid,ldl,liver,total_protein,116,0.3053325345256619,0.3053325345256619
spearman,lipid,ldl,liver,albumin,116,0.2892323968717149,0.2892323968717149
spearman,lipid,ldl,liver,globulin,116,0.16365943529609606,0.16365943529609606
spearman,lipid,ldl,liver,albumin_globulin_ratio,116,-0.01238891446291154,0.01238891446291154
spearman,lipid,vldl,liver,alt,117,0.2997519800385142,0.2997519800385142
spearman,lipid,vldl,liver,ast,116,0.22082205683355885,0.22082205683355885
spearman,lipid,vldl,liver,ast_alt_ratio,116,-0.2633672246331328,0.2633672246331328
spearman,lipid,vldl,liver,alkaline_phosphatase,116,0.38110286530311926,0.38110286530311926
spearman,lipid,vldl,liver,bilirubin_total,116,-0.1347101481962485,0.1347101481962485
spearman,lipid,vldl,liver,bilirubin_direct,116,-0.3338394487427281,0.3338394487427281
spearman,lipid,vldl,liver,bilirubin_indirect,116,-0.09114401486706387,0.09114401486706387
spearman,lipid,vldl,liver,ggt,116,0.3340451664918595,0.3340451664918595
spearman,lipid,vldl,liver,total_protein,116,0.20417982703788548,0.20417982703788548
spearman,lipid,vldl,liver,albumin,116,0.10283923840209497,0.10283923840209497
spearman,lipid,vldl,liver,globulin,116,0.17948752493863074,0.17948752493863074
spearman,lipid,vldl,liver,albumin_globulin_ratio,116,-0.09013664251918906,0.09013664251918906
spearman,lipid,triglycerides,liver,alt,116,0.28715212282429,0.28715212282429
spearman,lipid,triglycerides,liver,ast,115,0.2095717778475876,0.2095717778475876
spearman,lipid,triglycerides,liver,ast_alt_ratio,115,-0.24997829702298716,0.24997829702298716
spearman,lipid,triglycerides,liver,alkaline_phosphatase,115,0.4004857385818783,0.4004857385818783
spearman,lipid,triglycerides,liver,bilirubin_total,115,-0.11723069805918936,0.11723069805918936
spearman,lipid,triglycerides,liver,bilirubin_direct,115,-0.3174664548344461,0.3174664548344461
spearman,lipid,triglycerides,liver,bilirubin_indirect,115,-0.0756039198722282,0.0756039198722282
spearman,lipid,triglycerides,liver,ggt,115,0.31796884138677306,0.31796884138677306
spearman,lipid,triglycerides,liver,total_protein,115,0.23115699842319656,0.23115699842319656
spearman,lipid,triglycerides,liver,albumin,115,0.10713813606985371,0.10713813606985371
spearman,lipid,triglycerides,liver,globulin,115,0.20645555885830513,0.20645555885830513
spearman,lipid,triglycerides,liver,albumin_globulin_ratio,115,-0.11291364033503463,0.11291364033503463
spearman,lipid,non_hdl,liver,alt,116,0.37023938123281774,0.37023938123281774
spearman,lipid,non_hdl,liver,ast,116,0.3275105812909346,0.3275105812909346
spearman,lipid,non_hdl,liver,ast_alt_ratio,116,-0.3401004607454587,0.3401004607454587
spearman,lipid,non_hdl,liver,alkaline_phosphatase,116,0.12340719205192865,0.12340719205192865
spearman,lipid,non_hdl,liver,bilirubin_total,116,0.10430248993990827,0.10430248993990827
spearman,lipid,non_hdl,liver,bilirubin_direct,116,-0.1664438098988959,0.1664438098988959
spearman,lipid,non_hdl,liver,bilirubin_indirect,116,0.16223356936421324,0.16223356936421324
spearman,lipid,non_hdl,liver,ggt,116,0.37928708039156384,0.37928708039156384
spearman,lipid,non_hdl,liver,total_protein,116,0.24668646709558265,0.24668646709558265
spearman,lipid,non_hdl,liver,albumin,116,0.25257395169530966,0.25257395169530966
spearman,lipid,non_hdl,liver,globulin,116,0.1276339719910716,0.1276339719910716
spearman,lipid,non_hdl,liver,albumin_globulin_ratio,116,0.012867548966761077,0.012867548966761077
spearman,lipid,tc_hdl_ratio,liver,alt,116,0.5690311047740984,0.5690311047740984
spearman,lipid,tc_hdl_ratio,liver,ast,116,0.4114497100651672,0.4114497100651672
spearman,lipid,tc_hdl_ratio,liver,ast_alt_ratio,116,-0.533069506207584,0.533069506207584
spearman,lipid,tc_hdl_ratio,liver,alkaline_phosphatase,116,0.20536995543234388,0.20536995543234388
spearman,lipid,tc_hdl_ratio,liver,bilirubin_total,116,0.08531375763157464,0.08531375763157464
spearman,lipid,tc_hdl_ratio,liver,bilirubin_direct,116,-0.10946579394341333,0.10946579394341333
spearman,lipid,tc_hdl_ratio,liver,bilirubin_indirect,116,0.12132340444610014,0.12132340444610014
spearman,lipid,tc_hdl_ratio,liver,ggt,116,0.5103607379111783,0.5103607379111783
spearman,lipid,tc_hdl_ratio,liver,total_protein,116,0.20064622692140321,0.20064622692140321
spearman,lipid,tc_hdl_ratio,liver,albumin,116,0.17073885162327795,0.17073885162327795
spearman,lipid,tc_hdl_ratio,liver,globulin,116,0.15746921402481237,0.15746921402481237
spearman,lipid,tc_hdl_ratio,liver,albumin_globulin_ratio,116,-0.0547529092348132,0.0547529092348132
spearman,lipid,trig_hdl_ratio,liver,alt,116,0.42567611727963073,0.42567611727963073
spearman,lipid,trig_hdl_ratio,liver,ast,116,0.29611725134117306,0.29611725134117306
spearman,lipid,trig_hdl_ratio,liver,ast_alt_ratio,116,-0.3650767115719442,0.3650767115719442
spearman,lipid,trig_hdl_ratio,liver,alkaline_phosphatase,116,0.38391760462418517,0.38391760462418517
spearman,lipid,trig_hdl_ratio,liver,bilirubin_total,116,-0.09078062932983218,0.09078062932983218
spearman,lipid,trig_hdl_ratio,liver,bilirubin_direct,116,-0.2472748364376401,0.2472748364376401
spearman,lipid,trig_hdl_ratio,liver,bilirubin_indirect,116,-0.06292516614518867,0.06292516614518867
spearman,lipid,trig_hdl_ratio,liver,ggt,116,0.41682700717852383,0.41682700717852383
spearman,lipid,trig_hdl_ratio,liver,total_protein,116,0.18500712263279143,0.18500712263279143
spearman,lipid,trig_hdl_ratio,liver,albumin,116,0.058973018451784584,0.058973018451784584
spearman,lipid,trig_hdl_ratio,liver,globulin,116,0.1995813264784177,0.1995813264784177
spearman,lipid,trig_hdl_ratio,liver,albumin_globulin_ratio,116,-0.13331154931989217,0.13331154931989217
spearman,lipid,ldl_hdl_ratio,liver,alt,116,0.5404042964989453,0.5404042964989453
spearman,lipid,ldl_hdl_ratio,liver,ast,116,0.3892854177656542,0.3892854177656542
spearman,lipid,ldl_hdl_ratio,liver,ast_alt_ratio,116,-0.5044633228046291,0.5044633228046291
spearman,lipid,ldl_hdl_ratio,liver,alkaline_phosphatase,116,0.1736624804730116,0.1736624804730116
spearman,lipid,ldl_hdl_ratio,liver,bilirubin_total,116,0.1273918680082539,0.1273918680082539
spearman,lipid,ldl_hdl_ratio,liver,bilirubin_direct,116,-0.0746242109017891,0.0746242109017891
spearman,lipid,ldl_hdl_ratio,liver,bilirubin_indirect,116,0.16594883613385422,0.16594883613385422
spearman,lipid,ldl_hdl_ratio,liver,ggt,116,0.4663405724431298,0.4663405724431298
spearman,lipid,ldl_hdl_ratio,liver,total_protein,116,0.23421860453161575,0.23421860453161575
spearman,lipid,ldl_hdl_ratio,liver,albumin,116,0.19789156959781584,0.19789156959781584
spearman,lipid,ldl_hdl_ratio,liver,globulin,116,0.1910224481084576,0.1910224481084576
spearman,lipid,ldl_hdl_ratio,liver,albumin_globulin_ratio,116,-0.07411849858061356,0.07411849858061356
spearman,lipid,hdl_ldl_ratio,liver,alt,116,-0.5401217338270375,0.5401217338270375
spearman,lipid,hdl_ldl_ratio,liver,ast,116,-0.3909066454857843,0.3909066454857843
spearman,lipid,hdl_ldl_ratio,liver,ast_alt_ratio,116,0.5027138543183358,0.5027138543183358
spearman,lipid,hdl_ldl_ratio,liver,alkaline_phosphatase,116,-0.18216875904140956,0.18216875904140956
spearman,lipid,hdl_ldl_ratio,liver,bilirubin_total,116,-0.12428635755530511,0.12428635755530511
spearman,lipid,hdl_ldl_ratio,liver,bilirubin_direct,116,0.07825441759063652,0.07825441759063652
spearman,lipid,hdl_ldl_ratio,liver,bilirubin_indirect,116,-0.16368586010590813,0.16368586010590813
spearman,lipid,hdl_ldl_ratio,liver,ggt,116,-0.46639671905378904,0.46639671905378904
spearman,lipid,hdl_ldl_ratio,liver,total_protein,116,-0.23467031097273142,0.23467031097273142
spearman,lipid,hdl_ldl_ratio,liver,albumin,116,-0.1943243093845229,0.1943243093845229
spearman,lipid,hdl_ldl_ratio,liver,globulin,116,-0.19176645709392912,0.19176645709392912
spearman,lipid,hdl_ldl_ratio,liver,albumin_globulin_ratio,116,0.07649228349781816,0.07649228349781816
spearman,lipid,apo_a1,liver,alt,104,-0.3965080868745492,0.3965080868745492
spearman,lipid,apo_a1,liver,ast,104,-0.28223402121559543,0.28223402121559543
spearman,lipid,apo_a1,liver,ast_alt_ratio,104,0.35837961335215274,0.35837961335215274
spearman,lipid,apo_a1,liver,alkaline_phosphatase,104,-0.13423748600213242,0.13423748600213242
spearman,lipid,apo_a1,liver,bilirubin_total,104,0.04003810872671548,0.04003810872671548
spearman,lipid,apo_a1,liver,bilirubin_direct,104,-0.05732635131739577,0.05732635131739577
spearman,lipid,apo_a1,liver,bilirubin_indirect,104,0.07739237419324156,0.07739237419324156
spearman,lipid,apo_a1,liver,ggt,104,-0.2833115111861909,0.2833115111861909
spearman,lipid,apo_a1,liver,total_protein,104,-0.025242283691731083,0.025242283691731083
spearman,lipid,apo_a1,liver,albumin,104,0.10859222820473298,0.10859222820473298
spearman,lipid,apo_a1,liver,globulin,104,-0.12547028614159134,0.12547028614159134
spearman,lipid,apo_a1,liver,albumin_globulin_ratio,104,0.18234739999403046,0.18234739999403046
spearman,lipid,apo_b,liver,alt,105,0.3591957748377187,0.3591957748377187
spearman,lipid,apo_b,liver,ast,105,0.34992405279844274,0.34992405279844274
spearman,lipid,apo_b,liver,ast_alt_ratio,105,-0.28706202800833985,0.28706202800833985
spearman,lipid,apo_b,liver,alkaline_phosphatase,105,0.21928849292963273,0.21928849292963273
spearman,lipid,apo_b,liver,bilirubin_total,105,0.1264166941595799,0.1264166941595799
spearman,lipid,apo_b,liver,bilirubin_direct,105,-0.10361516055230673,0.10361516055230673
spearman,lipid,apo_b,liver,bilirubin_indirect,105,0.1726630837107128,0.1726630837107128
spearman,lipid,apo_b,liver,ggt,105,0.36485075413173984,0.36485075413173984
spearman,lipid,apo_b,liver,total_protein,105,0.3268519327397281,0.3268519327397281
spearman,lipid,apo_b,liver,albumin,105,0.3085372825881979,0.3085372825881979
spearman,lipid,apo_b,liver,globulin,105,0.20054650334712962,0.20054650334712962
spearman,lipid,apo_b,liver,albumin_globulin_ratio,105,-0.01784727928884038,0.01784727928884038
spearman,lipid,apo_b_apo_a1_ratio,liver,alt,105,0.5052296940433487,0.5052296940433487
spearman,lipid,apo_b_apo_a1_ratio,liver,ast,105,0.4237237034944248,0.4237237034944248
spearman,lipid,apo_b_apo_a1_ratio,liver,ast_alt_ratio,105,-0.43648910078185893,0.43648910078185893
spearman,lipid,apo_b_apo_a1_ratio,liver,alkaline_phosphatase,105,0.24531498482394234,0.24531498482394234
spearman,lipid,apo_b_apo_a1_ratio,liver,bilirubin_total,105,0.10099088192241387,0.10099088192241387
spearman,lipid,apo_b_apo_a1_ratio,liver,bilirubin_direct,105,-0.0676115422695073,0.0676115422695073
spearman,lipid,apo_b_apo_a1_ratio,liver,bilirubin_indirect,105,0.128019779234322,0.128019779234322
spearman,lipid,apo_b_apo_a1_ratio,liver,ggt,105,0.4098169536793124,0.4098169536793124
spearman,lipid,apo_b_apo_a1_ratio,liver,total_protein,105,0.282530245820458,0.282530245820458
spearman,lipid,apo_b_apo_a1_ratio,liver,albumin,105,0.20663059959089997,0.20663059959089997
spearman,lipid,apo_b_apo_a1_ratio,liver,globulin,105,0.22526373875683925,0.22526373875683925
spearman,lipid,apo_b_apo_a1_ratio,liver,albumin_globulin_ratio,105,-0.09294098081756132,0.09294098081756132
spearman,lipid,lipoprotein_a,liver,alt,103,-0.09665515291547855,0.09665515291547855
spearman,lipid,lipoprotein_a,liver,ast,103,-0.09706727878616299,0.09706727878616299
spearman,lipid,lipoprotein_a,liver,ast_alt_ratio,103,0.04142307568142964,0.04142307568142964
spearman,lipid,lipoprotein_a,liver,alkaline_phosphatase,103,-0.07170472396082371,0.07170472396082371
spearman,lipid,lipoprotein_a,liver,bilirubin_total,103,-0.11299545510064549,0.11299545510064549
spearman,lipid,lipoprotein_a,liver,bilirubin_direct,103,-0.1332810803375893,0.1332810803375893
spearman,lipid,lipoprotein_a,liver,bilirubin_indirect,103,-0.1036389299089669,0.1036389299089669
spearman,lipid,lipoprotein_a,liver,ggt,103,-0.17227944063612619,0.17227944063612619
spearman,lipid,lipoprotein_a,liver,total_protein,103,0.13671350529829718,0.13671350529829718
spearman,lipid,lipoprotein_a,liver,albumin,103,-0.11556511202959724,0.11556511202959724
spearman,lipid,lipoprotein_a,liver,globulin,103,0.2257248702131176,0.2257248702131176
spearman,lipid,lipoprotein_a,liver,albumin_globulin_ratio,103,-0.24433343045559186,0.24433343045559186
spearman,lipid,total_cholesterol,thyroid,tsh,108,-0.04320630369825547,0.04320630369825547
spearman,lipid,total_cholesterol,thyroid,t4,107,0.04826486530565437,0.04826486530565437
spearman,lipid,total_cholesterol,thyroid,t3,106,-0.010690497611932191,0.010690497611932191
spearman,lipid,hdl,thyroid,tsh,107,-0.17079449583084652,0.17079449583084652
spearman,lipid,hdl,thyroid,t4,106,-0.0016667177835217473,0.0016667177835217473
spearman,lipid,hdl,thyroid,t3,106,-0.034157039569743246,0.034157039569743246
spearman,lipid,ldl,thyroid,tsh,108,0.011124451015818404,0.011124451015818404
spearman,lipid,ldl,thyroid,t4,107,0.0299726388107992,0.0299726388107992
spearman,lipid,ldl,thyroid,t3,106,-0.03873751559352174,0.03873751559352174
spearman,lipid,vldl,thyroid,tsh,108,0.06015619604653562,0.06015619604653562
spearman,lipid,vldl,thyroid,t4,107,0.06476136362426509,0.06476136362426509
spearman,lipid,vldl,thyroid,t3,106,-0.025166822658905613,0.025166822658905613
spearman,lipid,triglycerides,thyroid,tsh,107,0.05455391592460597,0.05455391592460597
spearman,lipid,triglycerides,thyroid,t4,106,0.0614741605527894,0.0614741605527894
spearman,lipid,triglycerides,thyroid,t3,105,-0.045138926670491124,0.045138926670491124
spearman,lipid,non_hdl,thyroid,tsh,108,-0.003267763702374396,0.003267763702374396
spearman,lipid,non_hdl,thyroid,t4,107,0.019583591524149582,0.019583591524149582
spearman,lipid,non_hdl,thyroid,t3,106,0.012488849975168075,0.012488849975168075
spearman,lipid,tc_hdl_ratio,thyroid,tsh,108,0.0788372562054989,0.0788372562054989
spearman,lipid,tc_hdl_ratio,thyroid,t4,107,-0.008606431111583409,0.008606431111583409
spearman,lipid,tc_hdl_ratio,thyroid,t3,106,0.011812910093367981,0.011812910093367981
spearman,lipid,trig_hdl_ratio,thyroid,tsh,108,0.06526347379626841,0.06526347379626841
spearman,lipid,trig_hdl_ratio,thyroid,t4,107,0.03431106016907493,0.03431106016907493
spearman,lipid,trig_hdl_ratio,thyroid,t3,106,-0.013985944235778681,0.013985944235778681
spearman,lipid,ldl_hdl_ratio,thyroid,tsh,108,0.056620393296942295,0.056620393296942295
spearman,lipid,ldl_hdl_ratio,thyroid,t4,107,0.01001414887919595,0.01001414887919595
spearman,lipid,ldl_hdl_ratio,thyroid,t3,106,0.03899046269904409,0.03899046269904409
spearman,lipid,hdl_ldl_ratio,thyroid,tsh,108,-0.05902328348885582,0.05902328348885582
spearman,lipid,hdl_ldl_ratio,thyroid,t4,107,-0.008870571589176243,0.008870571589176243
spearman,lipid,hdl_ldl_ratio,thyroid,t3,106,-0.03824529091536903,0.03824529091536903
spearman,lipid,apo_a1,thyroid,tsh,96,-0.24836059301911384,0.24836059301911384
spearman,lipid,apo_a1,thyroid,t4,95,0.06222650419011529,0.06222650419011529
spearman,lipid,apo_a1,thyroid,t3,94,-0.052963015179630805,0.052963015179630805
spearman,lipid,apo_b,thyroid,tsh,97,0.05719913436759493,0.05719913436759493
spearman,lipid,apo_b,thyroid,t4,96,0.05765264705569037,0.05765264705569037
spearman,lipid,apo_b,thyroid,t3,95,0.013407285344266015,0.013407285344266015
spearman,lipid,apo_b_apo_a1_ratio,thyroid,tsh,97,0.1447509299172734,0.1447509299172734
spearman,lipid,apo_b_apo_a1_ratio,thyroid,t4,96,0.03930184486584557,0.03930184486584557
spearman,lipid,apo_b_apo_a1_ratio,thyroid,t3,95,0.018902182676313693,0.018902182676313693
spearman,lipid,lipoprotein_a,thyroid,tsh,95,0.01709186352082818,0.01709186352082818
spearman,lipid,lipoprotein_a,thyroid,t4,94,-0.06849602090182144,0.06849602090182144
spearman,lipid,lipoprotein_a,thyroid,t3,93,-0.07324209036376264,0.07324209036376264
spearman,lipid,total_cholesterol,vitamins,vitamin_d,101,0.039570828274231314,0.039570828274231314
spearman,lipid,total_cholesterol,vitamins,vitamin_b12,93,-0.07074241698520724,0.07074241698520724
spearman,lipid,hdl,vitamins,vitamin_d,100,0.22625131497717352,0.22625131497717352
spearman,lipid,hdl,vitamins,vitamin_b12,93,0.04758439783677921,0.04758439783677921
spearman,lipid,ldl,vitamins,vitamin_d,101,0.0634415312933111,0.0634415312933111
spearman,lipid,ldl,vitamins,vitamin_b12,93,-0.20238788657271922,0.20238788657271922
spearman,lipid,vldl,vitamins,vitamin_d,101,-0.25351788654124513,0.25351788654124513
spearman,lipid,vldl,vitamins,vitamin_b12,93,0.05429681963132577,0.05429681963132577
spearman,lipid,triglycerides,vitamins,vitamin_d,100,-0.2446589533134195,0.2446589533134195
spearman,lipid,triglycerides,vitamins,vitamin_b12,92,0.04006026772623133,0.04006026772623133
spearman,lipid,non_hdl,vitamins,vitamin_d,101,-0.04000698915467922,0.04000698915467922
spearman,lipid,non_hdl,vitamins,vitamin_b12,93,-0.09720087734777387,0.09720087734777387
spearman,lipid,tc_hdl_ratio,vitamins,vitamin_d,101,-0.1845707598568775,0.1845707598568775
spearman,lipid,tc_hdl_ratio,vitamins,vitamin_b12,93,-0.10149932879590569,0.10149932879590569
spearman,lipid,trig_hdl_ratio,vitamins,vitamin_d,101,-0.31463900475074646,0.31463900475074646
spearman,lipid,trig_hdl_ratio,vitamins,vitamin_b12,93,0.05323057755400192,0.05323057755400192
spearman,lipid,ldl_hdl_ratio,vitamins,vitamin_d,101,-0.14160640600728172,0.14160640600728172
spearman,lipid,ldl_hdl_ratio,vitamins,vitamin_b12,93,-0.1590872457711127,0.1590872457711127
spearman,lipid,hdl_ldl_ratio,vitamins,vitamin_d,101,0.13347829032070652,0.13347829032070652
spearman,lipid,hdl_ldl_ratio,vitamins,vitamin_b12,93,0.15716411974836222,0.15716411974836222
spearman,lipid,apo_a1,vitamins,vitamin_d,100,0.1986836147264011,0.1986836147264011
spearman,lipid,apo_a1,vitamins,vitamin_b12,92,0.07593697777867285,0.07593697777867285
spearman,lipid,apo_b,vitamins,vitamin_d,101,-0.07120221019175205,0.07120221019175205
spearman,lipid,apo_b,vitamins,vitamin_b12,93,-0.10622048057117092,0.10622048057117092
spearman,lipid,apo_b_apo_a1_ratio,vitamins,vitamin_d,101,-0.13491682511006595,0.13491682511006595
spearman,lipid,apo_b_apo_a1_ratio,vitamins,vitamin_b12,93,-0.14420792283014647,0.14420792283014647
spearman,lipid,lipoprotein_a,vitamins,vitamin_d,99,0.0983617203165644,0.0983617203165644
spearman,lipid,lipoprotein_a,vitamins,vitamin_b12,91,0.14453226096470156,0.14453226096470156
spearman,lipid,total_cholesterol,inflammation,hs_crp,107,0.06736930297616356,0.06736930297616356
spearman,lipid,hdl,inflammation,hs_crp,106,-0.08010167713576175,0.08010167713576175
spearman,lipid,ldl,inflammation,hs_crp,107,0.11481244851444633,0.11481244851444633
spearman,lipid,vldl,inflammation,hs_crp,107,0.25440358165725685,0.25440358165725685
spearman,lipid,triglycerides,inflammation,hs_crp,106,0.26271158716147286,0.26271158716147286
spearman,lipid,non_hdl,inflammation,hs_crp,107,0.14031143310699715,0.14031143310699715
spearman,lipid,tc_hdl_ratio,inflammation,hs_crp,107,0.15591930347521576,0.15591930347521576
spearman,lipid,trig_hdl_ratio,inflammation,hs_crp,107,0.2232119677321304,0.2232119677321304
spearman,lipid,ldl_hdl_ratio,inflammation,hs_crp,107,0.163029391663215,0.163029391663215
spearman,lipid,hdl_ldl_ratio,inflammation,hs_crp,107,-0.16563337352883256,0.16563337352883256
spearman,lipid,apo_a1,inflammation,hs_crp,106,-0.02532953435478508,0.02532953435478508
spearman,lipid,apo_b,inflammation,hs_crp,107,0.2316501727297612,0.2316501727297612
spearman,lipid,apo_b_apo_a1_ratio,inflammation,hs_crp,107,0.1973892286532508,0.1973892286532508
spearman,lipid,lipoprotein_a,inflammation,hs_crp,103,0.20706375944965028,0.20706375944965028
spearman,lipid,total_cholesterol,cbc,hemoglobin,116,0.2599872791583804,0.2599872791583804
spearman,lipid,total_cholesterol,cbc,wbc,116,0.001384091028406078,0.001384091028406078
spearman,lipid,total_cholesterol,cbc,platelet_count,116,0.07644541510256699,0.07644541510256699
spearman,lipid,total_cholesterol,cbc,hematocrit,82,0.13376448095335525,0.13376448095335525
spearman,lipid,total_cholesterol,cbc,rbc,83,0.16549794782563584,0.16549794782563584
spearman,lipid,total_cholesterol,cbc,mcv,116,-0.10031258172039516,0.10031258172039516
spearman,lipid,total_cholesterol,cbc,mch,116,-0.093486048820585,0.093486048820585
spearman,lipid,total_cholesterol,cbc,mchc,76,-0.02520107049883401,0.02520107049883401
spearman,lipid,total_cholesterol,cbc,rdw_cv,116,-0.07540728948184165,0.07540728948184165
spearman,lipid,total_cholesterol,cbc,rdw_sd,116,-0.11436645712316917,0.11436645712316917
spearman,lipid,total_cholesterol,cbc,mpv,99,0.06862498085722346,0.06862498085722346
spearman,lipid,hdl,cbc,hemoglobin,115,-0.2225715812351839,0.2225715812351839
spearman,lipid,hdl,cbc,wbc,115,-0.26572539091124114,0.26572539091124114
spearman,lipid,hdl,cbc,platelet_count,115,0.06721583882274954,0.06721583882274954
spearman,lipid,hdl,cbc,hematocrit,81,-0.2581947724005289,0.2581947724005289
spearman,lipid,hdl,cbc,rbc,82,-0.22940744048706443,0.22940744048706443
spearman,lipid,hdl,cbc,mcv,115,0.0061520859687056425,0.0061520859687056425
spearman,lipid,hdl,cbc,mch,115,-0.13431213829897343,0.13431213829897343
spearman,lipid,hdl,cbc,mchc,75,-0.08128836268486177,0.08128836268486177
spearman,lipid,hdl,cbc,rdw_cv,115,-0.0028844178275150775,0.0028844178275150775
spearman,lipid,hdl,cbc,rdw_sd,115,0.0021896186772741174,0.0021896186772741174
spearman,lipid,hdl,cbc,mpv,98,-0.008598120116632902,0.008598120116632902
spearman,lipid,ldl,cbc,hemoglobin,116,0.24139748421146448,0.24139748421146448
spearman,lipid,ldl,cbc,wbc,116,0.007467033800095013,0.007467033800095013
spearman,lipid,ldl,cbc,platelet_count,116,0.07850718505662531,0.07850718505662531
spearman,lipid,ldl,cbc,hematocrit,82,0.138280208015952,0.138280208015952
spearman,lipid,ldl,cbc,rbc,83,0.11825964633801021,0.11825964633801021
spearman,lipid,ldl,cbc,mcv,116,-0.10028261675914436,0.10028261675914436
spearman,lipid,ldl,cbc,mch,116,-0.10844622222687579,0.10844622222687579
spearman,lipid,ldl,cbc,mchc,76,-0.07171902615696076,0.07171902615696076
spearman,lipid,ldl,cbc,rdw_cv,116,0.01715809575757909,0.01715809575757909
spearman,lipid,ldl,cbc,rdw_sd,116,-0.06013350628980414,0.06013350628980414
spearman,lipid,ldl,cbc,mpv,99,0.04775009544548553,0.04775009544548553
spearman,lipid,vldl,cbc,hemoglobin,116,0.17352398156753818,0.17352398156753818
spearman,lipid,vldl,cbc,wbc,116,0.3610981898908663,0.3610981898908663
spearman,lipid,vldl,cbc,platelet_count,116,0.07552820764955062,0.07552820764955062
spearman,lipid,vldl,cbc,hematocrit,82,0.24289680523450136,0.24289680523450136
spearman,lipid,vldl,cbc,rbc,83,0.11946048168659476,0.11946048168659476
spearman,lipid,vldl,cbc,mcv,116,-0.03864673946022515,0.03864673946022515
spearman,lipid,vldl,cbc,mch,116,-0.004245011064154132,0.004245011064154132
spearman,lipid,vldl,cbc,mchc,76,-0.15472543895884316,0.15472543895884316
spearman,lipid,vldl,cbc,rdw_cv,116,-0.045264658797048406,0.045264658797048406
spearman,lipid,vldl,cbc,rdw_sd,116,-0.05157330410233241,0.05157330410233241
spearman,lipid,vldl,cbc,mpv,99,0.0368857527638287,0.0368857527638287
spearman,lipid,triglycerides,cbc,hemoglobin,115,0.15922385958277502,0.15922385958277502
spearman,lipid,triglycerides,cbc,wbc,115,0.3485246652965023,0.3485246652965023
spearman,lipid,triglycerides,cbc,platelet_count,115,0.06253329498387641,0.06253329498387641
spearman,lipid,triglycerides,cbc,hematocrit,81,0.2425128940260301,0.2425128940260301
spearman,lipid,triglycerides,cbc,rbc,82,0.10165247901320637,0.10165247901320637
spearman,lipid,triglycerides,cbc,mcv,115,-0.03395645697494056,0.03395645697494056
spearman,lipid,triglycerides,cbc,mch,115,-0.01760748919077546,0.01760748919077546
spearman,lipid,triglycerides,cbc,mchc,76,-0.15543519782273152,0.15543519782273152
spearman,lipid,triglycerides,cbc,rdw_cv,115,-0.034787317945356666,0.034787317945356666
spearman,lipid,triglycerides,cbc,rdw_sd,115,-0.03516684721205614,0.03516684721205614
spearman,lipid,triglycerides,cbc,mpv,98,0.03748030796904434,0.03748030796904434
spearman,lipid,non_hdl,cbc,hemoglobin,116,0.3067220611330994,0.3067220611330994
spearman,lipid,non_hdl,cbc,wbc,116,0.10881131793370598,0.10881131793370598
spearman,lipid,non_hdl,cbc,platelet_count,116,0.09827664148891319,0.09827664148891319
spearman,lipid,non_hdl,cbc,hematocrit,82,0.1890692999981918,0.1890692999981918
spearman,lipid,non_hdl,cbc,rbc,83,0.21959463209967403,0.21959463209967403
spearman,lipid,non_hdl,cbc,mcv,116,-0.10092132877691887,0.10092132877691887
spearman,lipid,non_hdl,cbc,mch,116,-0.06394792355920229,0.06394792355920229
spearman,lipid,non_hdl,cbc,mchc,76,-0.04919281896745589,0.04919281896745589
spearman,lipid,non_hdl,cbc,rdw_cv,116,-0.05375265762588442,0.05375265762588442
spearman,lipid,non_hdl,cbc,rdw_sd,116,-0.11031635163715676,0.11031635163715676
spearman,lipid,non_hdl,cbc,mpv,99,0.023661944918238597,0.023661944918238597
spearman,lipid,tc_hdl_ratio,cbc,hemoglobin,116,0.32227309834924744,0.32227309834924744
spearman,lipid,tc_hdl_ratio,cbc,wbc,116,0.23438980918898694,0.23438980918898694
spearman,lipid,tc_hdl_ratio,cbc,platelet_count,116,0.05552510793243957,0.05552510793243957
spearman,lipid,tc_hdl_ratio,cbc,hematocrit,82,0.245919597055967,0.245919597055967
spearman,lipid,tc_hdl_ratio,cbc,rbc,83,0.2521228882650629,0.2521228882650629
spearman,lipid,tc_hdl_ratio,cbc,mcv,116,-0.06714465211645186,0.06714465211645186
spearman,lipid,tc_hdl_ratio,cbc,mch,116,0.04332137069589905,0.04332137069589905
spearman,lipid,tc_hdl_ratio,cbc,mchc,76,-0.022893971004496562,0.022893971004496562
spearman,lipid,tc_hdl_ratio,cbc,rdw_cv,116,-0.05366600053186193,0.05366600053186193
spearman,lipid,tc_hdl_ratio,cbc,rdw_sd,116,-0.09331228797800371,0.09331228797800371
spearman,lipid,tc_hdl_ratio,cbc,mpv,99,0.013705078008583518,0.013705078008583518
spearman,lipid,trig_hdl_ratio,cbc,hemoglobin,116,0.21932541309299652,0.21932541309299652
spearman,lipid,trig_hdl_ratio,cbc,wbc,116,0.3851973735820004,0.3851973735820004
spearman,lipid,trig_hdl_ratio,cbc,platelet_count,116,0.03809133862916708,0.03809133862916708
spearman,lipid,trig_hdl_ratio,cbc,hematocrit,82,0.25972697487483204,0.25972697487483204
spearman,lipid,trig_hdl_ratio,cbc,rbc,83,0.17346328348490192,0.17346328348490192
spearman,lipid,trig_hdl_ratio,cbc,mcv,116,-0.04035800311838553,0.04035800311838553
spearman,lipid,trig_hdl_ratio,cbc,mch,116,0.04052225094175608,0.04052225094175608
spearman,lipid,trig_hdl_ratio,cbc,mchc,76,-0.10722995172295621,0.10722995172295621
spearman,lipid,trig_hdl_ratio,cbc,rdw_cv,116,-0.04035069746854967,0.04035069746854967
spearman,lipid,trig_hdl_ratio,cbc,rdw_sd,116,-0.053282840568421,0.053282840568421
spearman,lipid,trig_hdl_ratio,cbc,mpv,99,0.020115811604664125,0.020115811604664125
spearman,lipid,ldl_hdl_ratio,cbc,hemoglobin,116,0.31654521947364933,0.31654521947364933
spearman,lipid,ldl_hdl_ratio,cbc,wbc,116,0.21210941137903327,0.21210941137903327
spearman,lipid,ldl_hdl_ratio,cbc,platelet_count,116,0.06016585025241549,0.06016585025241549
spearman,lipid,ldl_hdl_ratio,cbc,hematocrit,82,0.21747109134962309,0.21747109134962309
spearman,lipid,ldl_hdl_ratio,cbc,rbc,83,0.21948552016673115,0.21948552016673115
spearman,lipid,ldl_hdl_ratio,cbc,mcv,116,-0.08114003454293128,0.08114003454293128
spearman,lipid,ldl_hdl_ratio,cbc,mch,116,0.008296226217256474,0.008296226217256474
spearman,lipid,ldl_hdl_ratio,cbc,mchc,76,-0.023538199050359972,0.023538199050359972
spearman,lipid,ldl_hdl_ratio,cbc,rdw_cv,116,-0.025318065225998134,0.025318065225998134
spearman,lipid,ldl_hdl_ratio,cbc,rdw_sd,116,-0.09309323372708697,0.09309323372708697
spearman,lipid,ldl_hdl_ratio,cbc,mpv,99,0.02536036622198801,0.02536036622198801
spearman,lipid,hdl_ldl_ratio,cbc,hemoglobin,116,-0.31244144960257086,0.31244144960257086
spearman,lipid,hdl_ldl_ratio,cbc,wbc,116,-0.20672819629466807,0.20672819629466807
spearman,lipid,hdl_ldl_ratio,cbc,platelet_count,116,-0.0601660284723471,0.0601660284723471
spearman,lipid,hdl_ldl_ratio,cbc,hematocrit,82,-0.2095086822012385,0.2095086822012385
spearman,lipid,hdl_ldl_ratio,cbc,rbc,83,-0.21349268668070895,0.21349268668070895
spearman,lipid,hdl_ldl_ratio,cbc,mcv,116,0.07887682376349506,0.07887682376349506
spearman,lipid,hdl_ldl_ratio,cbc,mch,116,-0.00672289952866048,0.00672289952866048
spearman,lipid,hdl_ldl_ratio,cbc,mchc,76,0.031342222506817966,0.031342222506817966
spearman,lipid,hdl_ldl_ratio,cbc,rdw_cv,116,0.024438872340141762,0.024438872340141762
spearman,lipid,hdl_ldl_ratio,cbc,rdw_sd,116,0.09043036950767391,0.09043036950767391
spearman,lipid,hdl_ldl_ratio,cbc,mpv,99,-0.03427295903902646,0.03427295903902646
spearman,lipid,apo_a1,cbc,hemoglobin,104,0.003047983051849545,0.003047983051849545
spearman,lipid,apo_a1,cbc,wbc,104,-0.26702296502328726,0.26702296502328726
spearman,lipid,apo_a1,cbc,platelet_count,104,0.046096045906164194,0.046096045906164194
spearman,lipid,apo_a1,cbc,hematocrit,73,-0.1483382503124627,0.1483382503124627
spearman,lipid,apo_a1,cbc,rbc,74,-0.13504142637882013,0.13504142637882013
spearman,lipid,apo_a1,cbc,mcv,104,-0.049748523888928746,0.049748523888928746
spearman,lipid,apo_a1,cbc,mch,104,-0.09378619437903724,0.09378619437903724
spearman,lipid,apo_a1,cbc,mchc,67,-0.03544230351085355,0.03544230351085355
spearman,lipid,apo_a1,cbc,rdw_cv,104,-0.20023443319195655,0.20023443319195655
spearman,lipid,apo_a1,cbc,rdw_sd,104,-0.15541532442680978,0.15541532442680978
spearman,lipid,apo_a1,cbc,mpv,88,-0.058796575634621435,0.058796575634621435
spearman,lipid,apo_b,cbc,hemoglobin,105,0.2462249425922802,0.2462249425922802
spearman,lipid,apo_b,cbc,wbc,105,0.19421372143482732,0.19421372143482732
spearman,lipid,apo_b,cbc,platelet_count,105,0.09816701696748711,0.09816701696748711
spearman,lipid,apo_b,cbc,hematocrit,74,0.1973728094604422,0.1973728094604422
spearman,lipid,apo_b,cbc,rbc,75,0.20312789265175973,0.20312789265175973
spearman,lipid,apo_b,cbc,mcv,105,-0.07860816807230535,0.07860816807230535
spearman,lipid,apo_b,cbc,mch,105,-0.07396152060974905,0.07396152060974905
spearman,lipid,apo_b,cbc,mchc,68,-0.07051494599026,0.07051494599026
spearman,lipid,apo_b,cbc,rdw_cv,105,0.021536117448025274,0.021536117448025274
spearman,lipid,apo_b,cbc,rdw_sd,105,-0.016535267812825712,0.016535267812825712
spearman,lipid,apo_b,cbc,mpv,89,-0.015415033099762887,0.015415033099762887
spearman,lipid,apo_b_apo_a1_ratio,cbc,hemoglobin,105,0.19206783636857996,0.19206783636857996
spearman,lipid,apo_b_apo_a1_ratio,cbc,wbc,105,0.2657424955446938,0.2657424955446938
spearman,lipid,apo_b_apo_a1_ratio,cbc,platelet_count,105,0.026342533120781567,0.026342533120781567
spearman,lipid,apo_b_apo_a1_ratio,cbc,hematocrit,74,0.23691847284419196,0.23691847284419196
spearman,lipid,apo_b_apo_a1_ratio,cbc,rbc,75,0.18879488813717488,0.18879488813717488
spearman,lipid,apo_b_apo_a1_ratio,cbc,mcv,105,-0.00226167286109317,0.00226167286109317
spearman,lipid,apo_b_apo_a1_ratio,cbc,mch,105,0.043310526739281575,0.043310526739281575
spearman,lipid,apo_b_apo_a1_ratio,cbc,mchc,68,-0.03300088843818584,0.03300088843818584
spearman,lipid,apo_b_apo_a1_ratio,cbc,rdw_cv,105,0.10674878440476135,0.10674878440476135
spearman,lipid,apo_b_apo_a1_ratio,cbc,rdw_sd,105,0.07284285022395356,0.07284285022395356
spearman,lipid,apo_b_apo_a1_ratio,cbc,mpv,89,0.010298372988569454,0.010298372988569454
spearman,lipid,lipoprotein_a,cbc,hemoglobin,103,-0.13366661083762704,0.13366661083762704
spearman,lipid,lipoprotein_a,cbc,wbc,103,-0.1555152218748275,0.1555152218748275
spearman,lipid,lipoprotein_a,cbc,platelet_count,103,0.11292780867928393,0.11292780867928393
spearman,lipid,lipoprotein_a,cbc,hematocrit,72,0.009866675427798604,0.009866675427798604
spearman,lipid,lipoprotein_a,cbc,rbc,73,-0.10877531395107809,0.10877531395107809
spearman,lipid,lipoprotein_a,cbc,mcv,103,0.11201085195883492,0.11201085195883492
spearman,lipid,lipoprotein_a,cbc,mch,103,0.047055109264846025,0.047055109264846025
spearman,lipid,lipoprotein_a,cbc,mchc,67,0.015146231548012314,0.015146231548012314
spearman,lipid,lipoprotein_a,cbc,rdw_cv,103,-0.00639371930806266,0.00639371930806266
spearman,lipid,lipoprotein_a,cbc,rdw_sd,103,0.10348634176978835,0.10348634176978835
spearman,lipid,lipoprotein_a,cbc,mpv,87,-0.10059055790756448,0.10059055790756448
spearman,liver,alt,thyroid,tsh,110,0.0796674624044503,0.0796674624044503
spearman,liver,alt,thyroid,t4,108,0.09300137669541184,0.09300137669541184
spearman,liver,alt,thyroid,t3,107,0.18793243103870333,0.18793243103870333
spearman,liver,ast,thyroid,tsh,110,0.13214462830695664,0.13214462830695664
spearman,liver,ast,thyroid,t4,108,0.08512462638831558,0.08512462638831558
spearman,liver,ast,thyroid,t3,107,0.1381119177682812,0.1381119177682812
spearman,liver,ast_alt_ratio,thyroid,tsh,110,0.005642737836837513,0.005642737836837513
spearman,liver,ast_alt_ratio,thyroid,t4,108,-0.09829591225010055,0.09829591225010055
spearman,liver,ast_alt_ratio,thyroid,t3,107,-0.19146152905759517,0.19146152905759517
spearman,liver,alkaline_phosphatase,thyroid,tsh,109,-0.11617006502580413,0.11617006502580413
spearman,liver,alkaline_phosphatase,thyroid,t4,107,0.18005932353658655,0.18005932353658655
spearman,liver,alkaline_phosphatase,thyroid,t3,106,0.24843752461519844,0.24843752461519844
spearman,liver,bilirubin_total,thyroid,tsh,109,-0.011477792025617951,0.011477792025617951
spearman,liver,bilirubin_total,thyroid,t4,107,0.036308272113079756,0.036308272113079756
spearman,liver,bilirubin_total,thyroid,t3,106,0.13797875215965139,0.13797875215965139
spearman,liver,bilirubin_direct,thyroid,tsh,109,0.03154953897472788,0.03154953897472788
spearman,liver,bilirubin_direct,thyroid,t4,107,-0.1319971109896378,0.1319971109896378
spearman,liver,bilirubin_direct,thyroid,t3,106,0.07757276198358706,0.07757276198358706
spearman,liver,bilirubin_indirect,thyroid,tsh,109,-0.01828324398458521,0.01828324398458521
spearman,liver,bilirubin_indirect,thyroid,t4,107,0.0855109427649954,0.0855109427649954
spearman,liver,bilirubin_indirect,thyroid,t3,106,0.15847756276129799,0.15847756276129799
spearman,liver,ggt,thyroid,tsh,109,-0.0999543587470077,0.0999543587470077
spearman,liver,ggt,thyroid,t4,107,0.0578916817989694,0.0578916817989694
spearman,liver,ggt,thyroid,t3,106,0.11421012148115667,0.11421012148115667
spearman,liver,total_protein,thyroid,tsh,109,-0.006436649529684509,0.006436649529684509
spearman,liver,total_protein,thyroid,t4,107,0.30847913544944744,0.30847913544944744
spearman,liver,total_protein,thyroid,t3,106,0.12381235965725972,0.12381235965725972
spearman,liver,albumin,thyroid,tsh,109,0.03532072265054388,0.03532072265054388
spearman,liver,albumin,thyroid,t4,107,0.27257986357222175,0.27257986357222175
spearman,liver,albumin,thyroid,t3,106,0.1062563824135941,0.1062563824135941
spearman,liver,globulin,thyroid,tsh,109,-0.050259848971125606,0.050259848971125606
spearman,liver,globulin,thyroid,t4,107,0.15943732925583778,0.15943732925583778
spearman,liver,globulin,thyroid,t3,106,0.13152218176471753,0.13152218176471753
spearman,liver,albumin_globulin_ratio,thyroid,tsh,109,0.004294939640266367,0.004294939640266367
spearman,liver,albumin_globulin_ratio,thyroid,t4,107,0.00023521630569062335,0.00023521630569062335
spearman,liver,albumin_globulin_ratio,thyroid,t3,106,-0.06020147848653172,0.06020147848653172
spearman,liver,alt,vitamins,vitamin_d,101,-0.2835093728495603,0.2835093728495603
spearman,liver,alt,vitamins,vitamin_b12,93,-0.09720087734777387,0.09720087734777387
spearman,liver,ast,vitamins,vitamin_d,101,-0.3255724558398745,0.3255724558398745
spearman,liver,ast,vitamins,vitamin_b12,93,-0.26645479200274796,0.26645479200274796
spearman,liver,ast_alt_ratio,vitamins,vitamin_d,101,0.15624262828589253,0.15624262828589253
spearman,liver,ast_alt_ratio,vitamins,vitamin_b12,93,-0.03401489980929564,0.03401489980929564
spearman,liver,alkaline_phosphatase,vitamins,vitamin_d,101,-0.30000611586061143,0.30000611586061143
spearman,liver,alkaline_phosphatase,vitamins,vitamin_b12,93,-0.04046316090182508,0.04046316090182508
spearman,liver,bilirubin_total,vitamins,vitamin_d,101,-0.07395130473295448,0.07395130473295448
spearman,liver,bilirubin_total,vitamins,vitamin_b12,93,-0.26283310033213547,0.26283310033213547
spearman,liver,bilirubin_direct,vitamins,vitamin_d,101,-0.04207389369550459,0.04207389369550459
spearman,liver,bilirubin_direct,vitamins,vitamin_b12,93,-0.21242378689936117,0.21242378689936117
spearman,liver,bilirubin_indirect,vitamins,vitamin_d,101,-0.07875311974451768,0.07875311974451768
spearman,liver,bilirubin_indirect,vitamins,vitamin_b12,93,-0.2719484595625517,0.2719484595625517
spearman,liver,ggt,vitamins,vitamin_d,101,-0.12463525014570562,0.12463525014570562
spearman,liver,ggt,vitamins,vitamin_b12,93,-0.04190151484095535,0.04190151484095535
spearman,liver,total_protein,vitamins,vitamin_d,101,0.033688754145623695,0.033688754145623695
spearman,liver,total_protein,vitamins,vitamin_b12,93,0.030508436750779137,0.030508436750779137
spearman,liver,albumin,vitamins,vitamin_d,101,0.1267503906915034,0.1267503906915034
spearman,liver,albumin,vitamins,vitamin_b12,93,0.007267219579269797,0.007267219579269797
spearman,liver,globulin,vitamins,vitamin_d,101,-0.09279473454697981,0.09279473454697981
spearman,liver,globulin,vitamins,vitamin_b12,93,-0.04120080751204088,0.04120080751204088
spearman,liver,albumin_globulin_ratio,vitamins,vitamin_d,101,0.15172121571238947,0.15172121571238947
spearman,liver,albumin_globulin_ratio,vitamins,vitamin_b12,93,0.06123973032512116,0.06123973032512116
spearman,liver,alt,inflammation,hs_crp,106,-0.0003955028554612244,0.0003955028554612244
spearman,liver,ast,inflammation,hs_crp,106,-0.06956837178722905,0.06956837178722905
spearman,liver,ast_alt_ratio,inflammation,hs_crp,106,-0.017514467369616572,0.017514467369616572
spearman,liver,alkaline_phosphatase,inflammation,hs_crp,105,0.4600367533627041,0.4600367533627041
spearman,liver,bilirubin_total,inflammation,hs_crp,105,-0.09045141673881696,0.09045141673881696
spearman,liver,bilirubin_direct,inflammation,hs_crp,105,-0.13976733234538583,0.13976733234538583
spearman,liver,bilirubin_indirect,inflammation,hs_crp,105,-0.06004080900720454,0.06004080900720454
spearman,liver,ggt,inflammation,hs_crp,105,0.1734058352281055,0.1734058352281055
spearman,liver,total_protein,inflammation,hs_crp,105,0.039655981479600144,0.039655981479600144
spearman,liver,albumin,inflammation,hs_crp,105,-0.1741214229896532,0.1741214229896532
spearman,liver,globulin,inflammation,hs_crp,105,0.19766200155738342,0.19766200155738342
spearman,liver,albumin_globulin_ratio,inflammation,hs_crp,105,-0.26201324817059995,0.26201324817059995
spearman,liver,alt,cbc,hemoglobin,121,0.42660339741218434,0.42660339741218434
spearman,liver,alt,cbc,wbc,121,0.18662123309566814,0.18662123309566814
spearman,liver,alt,cbc,platelet_count,121,-0.11397102459163505,0.11397102459163505
spearman,liver,alt,cbc,hematocrit,87,0.358332011637066,0.358332011637066
spearman,liver,alt,cbc,rbc,87,0.31759623680655585,0.31759623680655585
spearman,liver,alt,cbc,mcv,121,0.19275722938819365,0.19275722938819365
spearman,liver,alt,cbc,mch,121,0.25668245952026714,0.25668245952026714
spearman,liver,alt,cbc,mchc,78,0.1743139111576436,0.1743139111576436
spearman,liver,alt,cbc,rdw_cv,121,-0.10095608367389003,0.10095608367389003
spearman,liver,alt,cbc,rdw_sd,121,0.027254666585490327,0.027254666585490327
spearman,liver,alt,cbc,mpv,103,0.14125406177386732,0.14125406177386732
spearman,liver,ast,cbc,hemoglobin,121,0.307610746177706,0.307610746177706
spearman,liver,ast,cbc,wbc,121,0.03196168392926469,0.03196168392926469
spearman,liver,ast,cbc,platelet_count,121,-0.09607551260633597,0.09607551260633597
spearman,liver,ast,cbc,hematocrit,87,0.3774820633101421,0.3774820633101421
spearman,liver,ast,cbc,rbc,87,0.2818160718237698,0.2818160718237698
spearman,liver,ast,cbc,mcv,121,0.17385626928675724,0.17385626928675724
spearman,liver,ast,cbc,mch,121,0.21067975272263176,0.21067975272263176
spearman,liver,ast,cbc,mchc,78,0.08306223676206513,0.08306223676206513
spearman,liver,ast,cbc,rdw_cv,121,0.0854349529197509,0.0854349529197509
spearman,liver,ast,cbc,rdw_sd,121,0.18023982571261646,0.18023982571261646
spearman,liver,ast,cbc,mpv,103,-0.035652176775846256,0.035652176775846256
spearman,liver,ast_alt_ratio,cbc,hemoglobin,121,-0.3826039479796078,0.3826039479796078
spearman,liver,ast_alt_ratio,cbc,wbc,121,-0.24275544613575456,0.24275544613575456
spearman,liver,ast_alt_ratio,cbc,platelet_count,121,0.023994999772191557,0.023994999772191557
spearman,liver,ast_alt_ratio,cbc,hematocrit,87,-0.2651278972938472,0.2651278972938472
spearman,liver,ast_alt_ratio,cbc,rbc,87,-0.2599742952112392,0.2599742952112392
spearman,liver,ast_alt_ratio,cbc,mcv,121,-0.03996863080446239,0.03996863080446239
spearman,liver,ast_alt_ratio,cbc,mch,121,-0.11384153653699584,0.11384153653699584
spearman,liver,ast_alt_ratio,cbc,mchc,78,-0.19535446494084377,0.19535446494084377
spearman,liver,ast_alt_ratio,cbc,rdw_cv,121,0.23651485092883462,0.23651485092883462
spearman,liver,ast_alt_ratio,cbc,rdw_sd,121,0.16857729402706098,0.16857729402706098
spearman,liver,ast_alt_ratio,cbc,mpv,103,-0.24403198317439825,0.24403198317439825
spearman,liver,alkaline_phosphatase,cbc,hemoglobin,117,0.07530640070759383,0.07530640070759383
spearman,liver,alkaline_phosphatase,cbc,wbc,117,0.2655007681738031,0.2655007681738031
spearman,liver,alkaline_phosphatase,cbc,platelet_count,117,-0.04411844611539802,0.04411844611539802
spearman,liver,alkaline_phosphatase,cbc,hematocrit,83,0.17799194834207407,0.17799194834207407
spearman,liver,alkaline_phosphatase,cbc,rbc,83,0.001522085995628947,0.001522085995628947
spearman,liver,alkaline_phosphatase,cbc,mcv,117,-0.045398170734310746,0.045398170734310746
spearman,liver,alkaline_phosphatase,cbc,mch,117,-0.07709849244535534,0.07709849244535534
spearman,liver,alkaline_phosphatase,cbc,mchc,77,-0.19901823350817519,0.19901823350817519
spearman,liver,alkaline_phosphatase,cbc,rdw_cv,117,0.14091999058588103,0.14091999058588103
spearman,liver,alkaline_phosphatase,cbc,rdw_sd,117,0.1409509642656968,0.1409509642656968
spearman,liver,alkaline_phosphatase,cbc,mpv,100,0.12302378337752384,0.12302378337752384
spearman,liver,bilirubin_total,cbc,hemoglobin,117,0.35678580564680945,0.35678580564680945
spearman,liver,bilirubin_total,cbc,wbc,117,-0.038786344126952615,0.038786344126952615
spearman,liver,bilirubin_total,cbc,platelet_count,117,-0.20985537704926074,0.20985537704926074
spearman,liver,bilirubin_total,cbc,hematocrit,83,0.16564291587119276,0.16564291587119276
spearman,liver,bilirubin_total,cbc,rbc,83,0.25745199441533245,0.25745199441533245
spearman,liver,bilirubin_total,cbc,mcv,117,0.27450021803013763,0.27450021803013763
spearman,liver,bilirubin_total,cbc,mch,117,0.27988133299849693,0.27988133299849693
spearman,liver,bilirubin_total,cbc,mchc,77,0.052290702147277636,0.052290702147277636
spearman,liver,bilirubin_total,cbc,rdw_cv,117,-0.15436860470521094,0.15436860470521094
spearman,liver,bilirubin_total,cbc,rdw_sd,117,0.07568404276756466,0.07568404276756466
spearman,liver,bilirubin_total,cbc,mpv,100,0.01468371230424405,0.01468371230424405
spearman,liver,bilirubin_direct,cbc,hemoglobin,117,0.2175485765368903,0.2175485765368903
spearman,liver,bilirubin_direct,cbc,wbc,117,-0.11615035375521092,0.11615035375521092
spearman,liver,bilirubin_direct,cbc,platelet_count,117,-0.24302610053698256,0.24302610053698256
spearman,liver,bilirubin_direct,cbc,hematocrit,83,0.025557297276691326,0.025557297276691326
spearman,liver,bilirubin_direct,cbc,rbc,83,0.1894699224058758,0.1894699224058758
spearman,liver,bilirubin_direct,cbc,mcv,117,0.2882890973513486,0.2882890973513486
spearman,liver,bilirubin_direct,cbc,mch,117,0.2488479607234727,0.2488479607234727
spearman,liver,bilirubin_direct,cbc,mchc,77,0.07856872105745488,0.07856872105745488
spearman,liver,bilirubin_direct,cbc,rdw_cv,117,-0.04814931369523608,0.04814931369523608
spearman,liver,bilirubin_direct,cbc,rdw_sd,117,0.18173923640663178,0.18173923640663178
spearman,liver,bilirubin_direct,cbc,mpv,100,-0.024796070890459612,0.024796070890459612
spearman,liver,bilirubin_indirect,cbc,hemoglobin,117,0.3703026124089893,0.3703026124089893
spearman,liver,bilirubin_indirect,cbc,wbc,117,-0.020785237467069617,0.020785237467069617
spearman,liver,bilirubin_indirect,cbc,platelet_count,117,-0.19471040279684534,0.19471040279684534
spearman,liver,bilirubin_indirect,cbc,hematocrit,83,0.18465772696784483,0.18465772696784483
spearman,liver,bilirubin_indirect,cbc,rbc,83,0.24000400450586534,0.24000400450586534
spearman,liver,bilirubin_indirect,cbc,mcv,117,0.2512302514048705,0.2512302514048705
spearman,liver,bilirubin_indirect,cbc,mch,117,0.2701682516745233,0.2701682516745233
spearman,liver,bilirubin_indirect,cbc,mchc,77,0.045344741921613745,0.045344741921613745
spearman,liver,bilirubin_indirect,cbc,rdw_cv,117,-0.1736760462624846,0.1736760462624846
spearman,liver,bilirubin_indirect,cbc,rdw_sd,117,0.04341283524605585,0.04341283524605585
spearman,liver,bilirubin_indirect,cbc,mpv,100,0.022245987530746032,0.022245987530746032
spearman,liver,ggt,cbc,hemoglobin,117,0.3444187072779795,0.3444187072779795
spearman,liver,ggt,cbc,wbc,117,0.21265925708133837,0.21265925708133837
spearman,liver,ggt,cbc,platelet_count,117,-0.004250878670958404,0.004250878670958404
spearman,liver,ggt,cbc,hematocrit,83,0.18642271160829071,0.18642271160829071
spearman,liver,ggt,cbc,rbc,83,0.3074420093665196,0.3074420093665196
spearman,liver,ggt,cbc,mcv,117,0.09007611578075815,0.09007611578075815
spearman,liver,ggt,cbc,mch,117,0.16016811055872932,0.16016811055872932
spearman,liver,ggt,cbc,mchc,77,-0.07725672055908513,0.07725672055908513
spearman,liver,ggt,cbc,rdw_cv,117,-0.09486488038995158,0.09486488038995158
spearman,liver,ggt,cbc,rdw_sd,117,0.010590505484468118,0.010590505484468118
spearman,liver,ggt,cbc,mpv,100,0.006299715775104677,0.006299715775104677
spearman,liver,total_protein,cbc,hemoglobin,117,0.2902492001728546,0.2902492001728546
spearman,liver,total_protein,cbc,wbc,117,0.19027403363527176,0.19027403363527176
spearman,liver,total_protein,cbc,platelet_count,117,-0.035212428715720064,0.035212428715720064
spearman,liver,total_protein,cbc,hematocrit,83,0.3541781508356855,0.3541781508356855
spearman,liver,total_protein,cbc,rbc,83,0.29777294901631185,0.29777294901631185
spearman,liver,total_protein,cbc,mcv,117,0.05244935392577662,0.05244935392577662
spearman,liver,total_protein,cbc,mch,117,0.026370327872935563,0.026370327872935563
spearman,liver,total_protein,cbc,mchc,77,-0.10506890509832187,0.10506890509832187
spearman,liver,total_protein,cbc,rdw_cv,117,0.05013856127743355,0.05013856127743355
spearman,liver,total_protein,cbc,rdw_sd,117,0.0898658522882616,0.0898658522882616
spearman,liver,total_protein,cbc,mpv,100,0.07645670413496149,0.07645670413496149
spearman,liver,albumin,cbc,hemoglobin,117,0.3060365195119991,0.3060365195119991
spearman,liver,albumin,cbc,wbc,117,0.14988674771027816,0.14988674771027816
spearman,liver,albumin,cbc,platelet_count,117,-0.061604412738469054,0.061604412738469054
spearman,liver,albumin,cbc,hematocrit,83,0.3216044269312673,0.3216044269312673
spearman,liver,albumin,cbc,rbc,83,0.3062823790045183,0.3062823790045183
spearman,liver,albumin,cbc,mcv,117,-0.0196122147378894,0.0196122147378894
spearman,liver,albumin,cbc,mch,117,0.06245128074351617,0.06245128074351617
spearman,liver,albumin,cbc,mchc,77,0.2504411013895987,0.2504411013895987
spearman,liver,albumin,cbc,rdw_cv,117,-0.17715770250597523,0.17715770250597523
spearman,liver,albumin,cbc,rdw_sd,117,-0.12214090861485394,0.12214090861485394
spearman,liver,albumin,cbc,mpv,100,0.22115488157106675,0.22115488157106675
spearman,liver,globulin,cbc,hemoglobin,117,0.11047499144942453,0.11047499144942453
spearman,liver,globulin,cbc,wbc,117,0.18211265452283373,0.18211265452283373
spearman,liver,globulin,cbc,platelet_count,117,0.06693346376809826,0.06693346376809826
spearman,liver,globulin,cbc,hematocrit,83,0.1445713575474376,0.1445713575474376
spearman,liver,globulin,cbc,rbc,83,0.1273501223587391,0.1273501223587391
spearman,liver,globulin,cbc,mcv,117,0.01562312649923966,0.01562312649923966
spearman,liver,globulin,cbc,mch,117,-0.07246170505536528,0.07246170505536528
spearman,liver,globulin,cbc,mchc,77,-0.3042621747889519,0.3042621747889519
spearman,liver,globulin,cbc,rdw_cv,117,0.21922279551805948,0.21922279551805948
spearman,liver,globulin,cbc,rdw_sd,117,0.19477767559307962,0.19477767559307962
spearman,liver,globulin,cbc,mpv,100,-0.11279848720445783,0.11279848720445783
spearman,liver,albumin_globulin_ratio,cbc,hemoglobin,117,0.05264332014294961,0.05264332014294961
spearman,liver,albumin_globulin_ratio,cbc,wbc,117,-0.11458418025407643,0.11458418025407643
spearman,liver,albumin_globulin_ratio,cbc,platelet_count,117,-0.10818384023437305,0.10818384023437305
spearman,liver,albumin_globulin_ratio,cbc,hematocrit,83,0.022619160374227804,0.022619160374227804
spearman,liver,albumin_globulin_ratio,cbc,rbc,83,0.035435263528971396,0.035435263528971396
spearman,liver,albumin_globulin_ratio,cbc,mcv,117,0.006306399522747165,0.006306399522747165
spearman,liver,albumin_globulin_ratio,cbc,mch,117,0.11519400366249338,0.11519400366249338
spearman,liver,albumin_globulin_ratio,cbc,mchc,77,0.3557264180863683,0.3557264180863683
spearman,liver,albumin_globulin_ratio,cbc,rdw_cv,117,-0.291117656444276,0.291117656444276
spearman,liver,albumin_globulin_ratio,cbc,rdw_sd,117,-0.22549910007062177,0.22549910007062177
spearman,liver,albumin_globulin_ratio,cbc,mpv,100,0.20110602547778367,0.20110602547778367
spearman,thyroid,tsh,vitamins,vitamin_d,98,-0.10037044357793647,0.10037044357793647
spearman,thyroid,tsh,vitamins,vitamin_b12,90,-0.21578215167685427,0.21578215167685427
spearman,thyroid,t4,vitamins,vitamin_d,97,-0.026067573831965736,0.026067573831965736
spearman,thyroid,t4,vitamins,vitamin_b12,90,-0.04350134591753468,0.04350134591753468
spearman,thyroid,t3,vitamins,vitamin_d,96,-0.22349517801981583,0.22349517801981583
spearman,thyroid,t3,vitamins,vitamin_b12,90,0.01781891324753387,0.01781891324753387
spearman,thyroid,tsh,inflammation,hs_crp,97,-0.009198531129295601,0.009198531129295601
spearman,thyroid,t4,inflammation,hs_crp,96,0.05733112669314115,0.05733112669314115
spearman,thyroid,t3,inflammation,hs_crp,95,0.026248539986320263,0.026248539986320263
spearman,thyroid,tsh,cbc,hemoglobin,110,-0.13567004745587882,0.13567004745587882
spearman,thyroid,tsh,cbc,wbc,110,0.06425128833333033,0.06425128833333033
spearman,thyroid,tsh,cbc,platelet_count,110,-0.05875390871101049,0.05875390871101049
spearman,thyroid,tsh,cbc,hematocrit,78,-0.09384763521298564,0.09384763521298564
spearman,thyroid,tsh,cbc,rbc,78,-0.1758921410775251,0.1758921410775251
spearman,thyroid,tsh,cbc,mcv,110,0.12396273171677867,0.12396273171677867
spearman,thyroid,tsh,cbc,mch,110,0.06516759330884346,0.06516759330884346
spearman,thyroid,tsh,cbc,mchc,73,-0.01326248949937179,0.01326248949937179
spearman,thyroid,tsh,cbc,rdw_cv,110,0.21753203110667688,0.21753203110667688
spearman,thyroid,tsh,cbc,rdw_sd,110,0.21914726264925247,0.21914726264925247
spearman,thyroid,tsh,cbc,mpv,96,0.0012523676545716231,0.0012523676545716231
spearman,thyroid,t4,cbc,hemoglobin,108,0.14814444945328473,0.14814444945328473
spearman,thyroid,t4,cbc,wbc,108,0.16821250104283353,0.16821250104283353
spearman,thyroid,t4,cbc,platelet_count,108,-0.015585399357589898,0.015585399357589898
spearman,thyroid,t4,cbc,hematocrit,76,0.03956104142588329,0.03956104142588329
spearman,thyroid,t4,cbc,rbc,77,0.06576214168944226,0.06576214168944226
spearman,thyroid,t4,cbc,mcv,108,-0.005626073352152629,0.005626073352152629
spearman,thyroid,t4,cbc,mch,108,0.0574926517906343,0.0574926517906343
spearman,thyroid,t4,cbc,mchc,72,0.12683972126891102,0.12683972126891102
spearman,thyroid,t4,cbc,rdw_cv,108,-0.18118725384035958,0.18118725384035958
spearman,thyroid,t4,cbc,rdw_sd,108,-0.11827716254550635,0.11827716254550635
spearman,thyroid,t4,cbc,mpv,94,0.20208253048807398,0.20208253048807398
spearman,thyroid,t3,cbc,hemoglobin,107,0.21448300032194484,0.21448300032194484
spearman,thyroid,t3,cbc,wbc,107,0.16384627177185362,0.16384627177185362
spearman,thyroid,t3,cbc,platelet_count,107,-0.11040709868230862,0.11040709868230862
spearman,thyroid,t3,cbc,hematocrit,75,0.11025544505757494,0.11025544505757494
spearman,thyroid,t3,cbc,rbc,76,0.23144419203635944,0.23144419203635944
spearman,thyroid,t3,cbc,mcv,107,0.11084405645728153,0.11084405645728153
spearman,thyroid,t3,cbc,mch,107,0.2085562292161233,0.2085562292161233
spearman,thyroid,t3,cbc,mchc,71,0.09998659144953521,0.09998659144953521
spearman,thyroid,t3,cbc,rdw_cv,107,-0.0924158027278268,0.0924158027278268
spearman,thyroid,t3,cbc,rdw_sd,107,0.034204118220878585,0.034204118220878585
spearman,thyroid,t3,cbc,mpv,93,0.18224596504341264,0.18224596504341264
spearman,vitamins,vitamin_d,inflammation,hs_crp,101,-0.10815588379924447,0.10815588379924447
spearman,vitamins,vitamin_b12,inflammation,hs_crp,93,0.0884773202029245,0.0884773202029245
spearman,vitamins,vitamin_d,cbc,hemoglobin,102,-0.11230715336478249,0.11230715336478249
spearman,vitamins,vitamin_d,cbc,wbc,102,-0.19590185261407483,0.19590185261407483
spearman,vitamins,vitamin_d,cbc,platelet_count,102,0.00580509254818835,0.00580509254818835
spearman,vitamins,vitamin_d,cbc,hematocrit,71,-0.003966789762196736,0.003966789762196736
spearman,vitamins,vitamin_d,cbc,rbc,73,-0.01691829388223088,0.01691829388223088
spearman,vitamins,vitamin_d,cbc,mcv,102,0.0405265940948532,0.0405265940948532
spearman,vitamins,vitamin_d,cbc,mch,102,0.004751104464548395,0.004751104464548395
spearman,vitamins,vitamin_d,cbc,mchc,65,0.10002420615255429,0.10002420615255429
spearman,vitamins,vitamin_d,cbc,rdw_cv,102,-0.02140078844491542,0.02140078844491542
spearman,vitamins,vitamin_d,cbc,rdw_sd,102,0.02929433463537841,0.02929433463537841
spearman,vitamins,vitamin_d,cbc,mpv,87,0.054712136908815684,0.054712136908815684
spearman,vitamins,vitamin_b12,cbc,hemoglobin,94,-0.1975795501243263,0.1975795501243263
spearman,vitamins,vitamin_b12,cbc,wbc,94,0.037856701656337206,0.037856701656337206
spearman,vitamins,vitamin_b12,cbc,platelet_count,94,-0.05338911428388127,0.05338911428388127
spearman,vitamins,vitamin_b12,cbc,hematocrit,65,-0.10897008801351077,0.10897008801351077
spearman,vitamins,vitamin_b12,cbc,rbc,66,-0.11657306366625993,0.11657306366625993
spearman,vitamins,vitamin_b12,cbc,mcv,94,-0.08755229308788731,0.08755229308788731
spearman,vitamins,vitamin_b12,cbc,mch,94,-0.16846844612683287,0.16846844612683287
spearman,vitamins,vitamin_b12,cbc,mchc,60,-0.13411813956104943,0.13411813956104943
spearman,vitamins,vitamin_b12,cbc,rdw_cv,94,0.014695785379764275,0.014695785379764275
spearman,vitamins,vitamin_b12,cbc,rdw_sd,94,0.03123950055552974,0.03123950055552974
spearman,vitamins,vitamin_b12,cbc,mpv,81,0.15137256401803895,0.15137256401803895
spearman,inflammation,hs_crp,cbc,hemoglobin,105,-0.13330672254552092,0.13330672254552092
spearman,inflammation,hs_crp,cbc,wbc,105,0.14836942163241115,0.14836942163241115
spearman,inflammation,hs_crp,cbc,platelet_count,105,0.16566005955578839,0.16566005955578839
spearman,inflammation,hs_crp,cbc,hematocrit,74,-0.06992401163557115,0.06992401163557115
spearman,inflammation,hs_crp,cbc,rbc,75,-0.09793851163891658,0.09793851163891658
spearman,inflammation,hs_crp,cbc,mcv,105,-0.051276535137841944,0.051276535137841944
spearman,inflammation,hs_crp,cbc,mch,105,-0.1608388211621626,0.1608388211621626
spearman,inflammation,hs_crp,cbc,mchc,68,-0.28033821499039124,0.28033821499039124
spearman,inflammation,hs_crp,cbc,rdw_cv,105,0.10432457552450454,0.10432457552450454
spearman,inflammation,hs_crp,cbc,rdw_sd,105,0.10408895954304273,0.10408895954304273
spearman,inflammation,hs_crp,cbc,mpv,89,-0.008583419899884068,0.008583419899884068
